material_id,cif_file,formula,theoretical,experimentally_observed,is_structure_representative,representative_material_id,structure_family_id,structure_family_size,n_duplicates_in_family,duplicate_material_ids
mp-1183119,Ac3Br_mp-1183119.cif,Ac3Br,True,No,True,mp-1183119,Ac3Br::sf-0001,1,0,
mp-1183056,Ac3Cl_mp-1183056.cif,Ac3Cl,True,No,True,mp-1183056,Ac3Cl::sf-0001,1,0,
mp-1183113,Ac3Cl_mp-1183113.cif,Ac3Cl,True,No,True,mp-1183113,Ac3Cl::sf-0002,1,0,
mp-1183096,Ac3I_mp-1183096.cif,Ac3I,True,No,True,mp-1183096,Ac3I::sf-0001,1,0,
mp-1183107,Ac3I_mp-1183107.cif,Ac3I,True,No,True,mp-1183107,Ac3I::sf-0002,1,0,
mp-27972,AcBr3_mp-27972.cif,AcBr3,False,Yes,True,mp-27972,AcBr3::sf-0001,1,0,
mp-27971,AcCl3_mp-27971.cif,AcCl3,False,Yes,True,mp-27971,AcCl3::sf-0001,1,0,
mp-977360,AcF3_mp-977360.cif,AcF3,True,No,True,mp-977360,AcF3::sf-0001,1,0,
mp-985278,AcF3_mp-985278.cif,AcF3,True,No,True,mp-985278,AcF3::sf-0002,1,0,
mp-861867,AcI3_mp-861867.cif,AcI3,True,No,True,mp-861867,AcI3::sf-0001,1,0,
mp-862982,Ag2Br3_mp-862982.cif,Ag2Br3,True,No,True,mp-862982,Ag2Br3::sf-0001,1,0,
mp-864635,Ag2Cl3_mp-864635.cif,Ag2Cl3,True,No,True,mp-864635,Ag2Cl3::sf-0001,1,0,
mp-861945,Ag2F3_mp-861945.cif,Ag2F3,True,No,True,mp-861945,Ag2F3::sf-0001,1,0,
mp-542298,Ag2F5_mp-542298.cif,Ag2F5,False,Yes,True,mp-542298,Ag2F5::sf-0001,1,0,
mp-1391,Ag2F_mp-1391.cif,Ag2F,False,Yes,True,mp-1391,Ag2F::sf-0001,1,0,
mp-1183272,Ag3Br_mp-1183272.cif,Ag3Br,True,No,True,mp-1183272,Ag3Br::sf-0001,1,0,
mp-1183265,Ag3Cl_mp-1183265.cif,Ag3Cl,True,No,True,mp-1183265,Ag3Cl::sf-0001,1,0,
mp-562412,Ag3F8_mp-562412.cif,Ag3F8,False,Yes,True,mp-562412,Ag3F8::sf-0001,1,0,
mp-1183244,Ag3F_mp-1183244.cif,Ag3F,True,No,True,mp-1183244,Ag3F::sf-0001,1,0,
mp-1060967,AgBr_mp-1060967.cif,AgBr,True,No,True,mp-1060967,AgBr::sf-0001,1,0,
mp-2034510,AgBr_mp-2034510.cif,AgBr,True,No,False,mp-23231,AgBr::sf-0002,3,2,mp-23231;mp-570301
mp-23231,AgBr_mp-23231.cif,AgBr,False,Yes,True,mp-23231,AgBr::sf-0002,3,2,mp-2034510;mp-570301
mp-570301,AgBr_mp-570301.cif,AgBr,False,Yes,False,mp-23231,AgBr::sf-0002,3,2,mp-2034510;mp-23231
mp-866291,AgBr_mp-866291.cif,AgBr,True,No,True,mp-866291,AgBr::sf-0003,1,0,
mp-1536202,AgCl_mp-1536202.cif,AgCl,True,No,False,mp-22922,AgCl::sf-0001,2,1,mp-22922
mp-22922,AgCl_mp-22922.cif,AgCl,False,Yes,True,mp-22922,AgCl::sf-0001,2,1,mp-1536202
mp-570687,AgCl_mp-570687.cif,AgCl,False,Yes,True,mp-570687,AgCl::sf-0002,1,0,
mp-570858,AgCl_mp-570858.cif,AgCl,False,Yes,True,mp-570858,AgCl::sf-0003,1,0,
mp-726265,AgCl_mp-726265.cif,AgCl,True,No,True,mp-726265,AgCl::sf-0004,1,0,
mp-2284,AgF2_mp-2284.cif,AgF2,False,Yes,True,mp-2284,AgF2::sf-0001,1,0,
mp-7715,AgF2_mp-7715.cif,AgF2,False,Yes,True,mp-7715,AgF2::sf-0002,1,0,
mp-18536,AgF3_mp-18536.cif,AgF3,True,No,True,mp-18536,AgF3::sf-0001,1,0,
mp-7592,AgF_mp-7592.cif,AgF,False,Yes,True,mp-7592,AgF::sf-0001,1,0,
mp-33154,AgI2_mp-33154.cif,AgI2,True,No,True,mp-33154,AgI2::sf-0001,1,0,
mp-1182980,AgI_mp-1182980.cif,AgI,True,No,True,mp-1182980,AgI::sf-0001,1,0,
mp-22894,AgI_mp-22894.cif,AgI,False,Yes,True,mp-22894,AgI::sf-0002,1,0,
mp-22915,AgI_mp-22915.cif,AgI,False,Yes,True,mp-22915,AgI::sf-0003,1,0,
mp-22919,AgI_mp-22919.cif,AgI,False,Yes,True,mp-22919,AgI::sf-0004,2,1,mp-568927
mp-22925,AgI_mp-22925.cif,AgI,False,Yes,True,mp-22925,AgI::sf-0005,2,1,mp-684580
mp-567809,AgI_mp-567809.cif,AgI,False,Yes,True,mp-567809,AgI::sf-0006,1,0,
mp-568927,AgI_mp-568927.cif,AgI,False,Yes,False,mp-22919,AgI::sf-0004,2,1,mp-22919
mp-580941,AgI_mp-580941.cif,AgI,False,Yes,True,mp-580941,AgI::sf-0007,1,0,
mp-684580,AgI_mp-684580.cif,AgI,True,No,False,mp-22925,AgI::sf-0005,2,1,mp-22925
mp-23288,AlBr3_mp-23288.cif,AlBr3,False,Yes,True,mp-23288,AlBr3::sf-0001,1,0,
mp-39008,AlBr4_mp-39008.cif,AlBr4,True,No,True,mp-39008,AlBr4::sf-0001,1,0,
mp-25469,AlCl3_mp-25469.cif,AlCl3,False,Yes,True,mp-25469,AlCl3::sf-0001,1,0,
mp-25470,AlCl3_mp-25470.cif,AlCl3,False,Yes,True,mp-25470,AlCl3::sf-0002,1,0,
mp-1103295,AlF3_mp-1103295.cif,AlF3,False,Yes,True,mp-1103295,AlF3::sf-0001,2,1,mp-8039
mp-1182902,AlF3_mp-1182902.cif,AlF3,True,No,False,mp-1251148,AlF3::sf-0002,3,2,mp-1251148;mp-1252764
mp-1183007,AlF3_mp-1183007.cif,AlF3,True,No,False,mp-468,AlF3::sf-0003,2,1,mp-468
mp-1244960,AlF3_mp-1244960.cif,AlF3,True,No,True,mp-1244960,AlF3::sf-0004,1,0,
mp-1245145,AlF3_mp-1245145.cif,AlF3,True,No,True,mp-1245145,AlF3::sf-0005,1,0,
mp-1245158,AlF3_mp-1245158.cif,AlF3,True,No,True,mp-1245158,AlF3::sf-0006,1,0,
mp-1251148,AlF3_mp-1251148.cif,AlF3,True,No,True,mp-1251148,AlF3::sf-0002,3,2,mp-1182902;mp-1252764
mp-1252764,AlF3_mp-1252764.cif,AlF3,True,No,False,mp-1251148,AlF3::sf-0002,3,2,mp-1182902;mp-1251148
mp-1323,AlF3_mp-1323.cif,AlF3,False,Yes,True,mp-1323,AlF3::sf-0007,1,0,
mp-468,AlF3_mp-468.cif,AlF3,False,Yes,True,mp-468,AlF3::sf-0003,2,1,mp-1183007
mp-555026,AlF3_mp-555026.cif,AlF3,False,Yes,True,mp-555026,AlF3::sf-0008,1,0,
mp-559871,AlF3_mp-559871.cif,AlF3,False,Yes,True,mp-559871,AlF3::sf-0009,1,0,
mp-635425,AlF3_mp-635425.cif,AlF3,True,No,True,mp-635425,AlF3::sf-0010,1,0,
mp-8039,AlF3_mp-8039.cif,AlF3,False,Yes,False,mp-1103295,AlF3::sf-0001,2,1,mp-1103295
mp-30930,AlI3_mp-30930.cif,AlI3,False,Yes,True,mp-30930,AlI3::sf-0001,1,0,
mp-23317,AsBr3_mp-23317.cif,AsBr3,False,Yes,True,mp-23317,AsBr3::sf-0001,1,0,
mp-23280,AsCl3_mp-23280.cif,AsCl3,False,Yes,True,mp-23280,AsCl3::sf-0001,1,0,
mp-30106,AsCl5_mp-30106.cif,AsCl5,False,Yes,True,mp-30106,AsCl5::sf-0001,1,0,
mp-28027,AsF3_mp-28027.cif,AsF3,False,Yes,True,mp-28027,AsF3::sf-0001,1,0,
mp-8723,AsF5_mp-8723.cif,AsF5,False,Yes,True,mp-8723,AsF5::sf-0001,1,0,
mp-23218,AsI3_mp-23218.cif,AsI3,False,Yes,True,mp-23218,AsI3::sf-0001,1,0,
mp-1183348,Au3Br_mp-1183348.cif,Au3Br,True,No,True,mp-1183348,Au3Br::sf-0001,1,0,
mp-984614,Au3Br_mp-984614.cif,Au3Br,True,No,True,mp-984614,Au3Br::sf-0002,1,0,
mp-1183201,Au3Cl_mp-1183201.cif,Au3Cl,True,No,True,mp-1183201,Au3Cl::sf-0001,1,0,
mp-17407,Au3F8_mp-17407.cif,Au3F8,False,Yes,True,mp-17407,Au3F8::sf-0001,1,0,
mp-1214775,AuBr2_mp-1214775.cif,AuBr2,True,No,True,mp-1214775,AuBr2::sf-0001,1,0,
mp-27213,AuBr3_mp-27213.cif,AuBr3,False,Yes,True,mp-27213,AuBr3::sf-0001,1,0,
mp-505366,AuBr_mp-505366.cif,AuBr,False,Yes,True,mp-505366,AuBr::sf-0001,1,0,
mp-570140,AuBr_mp-570140.cif,AuBr,False,Yes,True,mp-570140,AuBr::sf-0002,1,0,
mp-541656,AuCl2_mp-541656.cif,AuCl2,False,Yes,True,mp-541656,AuCl2::sf-0001,1,0,
mp-27647,AuCl3_mp-27647.cif,AuCl3,False,Yes,True,mp-27647,AuCl3::sf-0001,1,0,
mp-1214857,AuCl4_mp-1214857.cif,AuCl4,True,No,True,mp-1214857,AuCl4::sf-0001,1,0,
mp-1120780,AuCl_mp-1120780.cif,AuCl,True,No,True,mp-1120780,AuCl::sf-0001,1,0,
mp-1183171,AuCl_mp-1183171.cif,AuCl,True,No,True,mp-1183171,AuCl::sf-0002,1,0,
mp-1228677,AuCl_mp-1228677.cif,AuCl,True,No,True,mp-1228677,AuCl::sf-0003,1,0,
mp-32780,AuCl_mp-32780.cif,AuCl,False,Yes,True,mp-32780,AuCl::sf-0004,1,0,
mp-942,AuF3_mp-942.cif,AuF3,True,No,True,mp-942,AuF3::sf-0001,1,0,
mp-30103,AuF5_mp-30103.cif,AuF5,False,Yes,True,mp-30103,AuF5::sf-0001,1,0,
mp-1214760,AuI2_mp-1214760.cif,AuI2,True,No,True,mp-1214760,AuI2::sf-0001,1,0,
mp-27725,AuI_mp-27725.cif,AuI,False,Yes,True,mp-27725,AuI::sf-0001,1,0,
mp-30935,B17F27_mp-30935.cif,B17F27,False,Yes,True,mp-30935,B17F27::sf-0001,1,0,
mp-1205212,B2F3_mp-1205212.cif,B2F3,False,Yes,True,mp-1205212,B2F3::sf-0001,1,0,
mp-30936,B5F6_mp-30936.cif,B5F6,False,Yes,True,mp-30936,B5F6::sf-0001,1,0,
mp-1182499,B5I_mp-1182499.cif,B5I,True,No,True,mp-1182499,B5I::sf-0001,1,0,
mp-23225,BBr3_mp-23225.cif,BBr3,False,Yes,True,mp-23225,BBr3::sf-0001,1,0,
mp-685043,BBr_mp-685043.cif,BBr,True,No,True,mp-685043,BBr::sf-0001,1,0,
mp-23316,BCl2_mp-23316.cif,BCl2,False,Yes,True,mp-23316,BCl2::sf-0001,1,0,
mp-23184,BCl3_mp-23184.cif,BCl3,False,Yes,True,mp-23184,BCl3::sf-0001,1,0,
mp-1199460,BCl_mp-1199460.cif,BCl,False,Yes,True,mp-1199460,BCl::sf-0001,1,0,
mp-1247928,BCl_mp-1247928.cif,BCl,True,No,True,mp-1247928,BCl::sf-0002,1,0,
mp-23256,BCl_mp-23256.cif,BCl,False,Yes,True,mp-23256,BCl::sf-0003,1,0,
mp-567944,BCl_mp-567944.cif,BCl,False,Yes,True,mp-567944,BCl::sf-0004,1,0,
mp-27864,BF2_mp-27864.cif,BF2,False,Yes,True,mp-27864,BF2::sf-0001,1,0,
mp-27896,BF3_mp-27896.cif,BF3,False,Yes,True,mp-27896,BF3::sf-0001,2,1,mp-558149
mp-558149,BF3_mp-558149.cif,BF3,False,Yes,False,mp-27896,BF3::sf-0001,2,1,mp-27896
mp-23189,BI3_mp-23189.cif,BI3,False,Yes,True,mp-23189,BI3::sf-0001,1,0,
mp-27456,BaBr2_mp-27456.cif,BaBr2,False,Yes,True,mp-27456,BaBr2::sf-0001,1,0,
mp-1183339,BaBr3_mp-1183339.cif,BaBr3,True,No,True,mp-1183339,BaBr3::sf-0001,1,0,
mp-23199,BaCl2_mp-23199.cif,BaCl2,False,Yes,True,mp-23199,BaCl2::sf-0001,1,0,
mp-567680,BaCl2_mp-567680.cif,BaCl2,False,Yes,True,mp-567680,BaCl2::sf-0002,1,0,
mp-568662,BaCl2_mp-568662.cif,BaCl2,False,Yes,True,mp-568662,BaCl2::sf-0003,1,0,
mp-1029,BaF2_mp-1029.cif,BaF2,False,Yes,True,mp-1029,BaF2::sf-0001,1,0,
mp-555585,BaF2_mp-555585.cif,BaF2,False,Yes,True,mp-555585,BaF2::sf-0002,1,0,
mp-8644,BaF2_mp-8644.cif,BaF2,False,Yes,True,mp-8644,BaF2::sf-0003,1,0,
mp-1080821,BaF3_mp-1080821.cif,BaF3,False,Yes,True,mp-1080821,BaF3::sf-0001,1,0,
mp-1183303,BaF3_mp-1183303.cif,BaF3,True,No,True,mp-1183303,BaF3::sf-0002,1,0,
mp-1523886,BaF3_mp-1523886.cif,BaF3,True,No,True,mp-1523886,BaF3::sf-0003,2,1,mp-2911895
mp-2911895,BaF3_mp-2911895.cif,BaF3,True,No,False,mp-1523886,BaF3::sf-0003,2,1,mp-1523886
mp-23260,BaI2_mp-23260.cif,BaI2,False,Yes,True,mp-23260,BaI2::sf-0001,1,0,
mp-568536,BaI2_mp-568536.cif,BaI2,False,Yes,True,mp-568536,BaI2::sf-0002,1,0,
mp-30139,BeBr2_mp-30139.cif,BeBr2,False,Yes,True,mp-30139,BeBr2::sf-0001,1,0,
mp-1172909,BeCl2_mp-1172909.cif,BeCl2,True,No,True,mp-1172909,BeCl2::sf-0001,1,0,
mp-1190080,BeCl2_mp-1190080.cif,BeCl2,True,No,True,mp-1190080,BeCl2::sf-0002,1,0,
mp-23267,BeCl2_mp-23267.cif,BeCl2,False,Yes,True,mp-23267,BeCl2::sf-0003,1,0,
mp-569030,BeCl2_mp-569030.cif,BeCl2,True,No,True,mp-569030,BeCl2::sf-0004,1,0,
mp-570227,BeCl2_mp-570227.cif,BeCl2,True,No,True,mp-570227,BeCl2::sf-0005,1,0,
mp-570974,BeCl2_mp-570974.cif,BeCl2,False,Yes,True,mp-570974,BeCl2::sf-0006,1,0,
mp-1097884,BeF2_mp-1097884.cif,BeF2,True,No,True,mp-1097884,BeF2::sf-0001,1,0,
mp-1350597,BeF2_mp-1350597.cif,BeF2,True,No,True,mp-1350597,BeF2::sf-0002,2,1,mp-685168
mp-15951,BeF2_mp-15951.cif,BeF2,False,Yes,True,mp-15951,BeF2::sf-0003,2,1,mp-558118
mp-558118,BeF2_mp-558118.cif,BeF2,False,Yes,False,mp-15951,BeF2::sf-0003,2,1,mp-15951
mp-559400,BeF2_mp-559400.cif,BeF2,True,No,True,mp-559400,BeF2::sf-0004,1,0,
mp-561543,BeF2_mp-561543.cif,BeF2,True,No,True,mp-561543,BeF2::sf-0005,1,0,
mp-684652,BeF2_mp-684652.cif,BeF2,True,No,True,mp-684652,BeF2::sf-0006,1,0,
mp-685168,BeF2_mp-685168.cif,BeF2,True,No,False,mp-1350597,BeF2::sf-0002,2,1,mp-1350597
mp-975644,BeF2_mp-975644.cif,BeF2,True,No,True,mp-975644,BeF2::sf-0007,1,0,
mp-1214240,BeF4_mp-1214240.cif,BeF4,True,No,True,mp-1214240,BeF4::sf-0001,1,0,
mp-30140,BeI2_mp-30140.cif,BeI2,False,Yes,True,mp-30140,BeI2::sf-0001,1,0,
mp-570886,BeI2_mp-570886.cif,BeI2,False,Yes,True,mp-570886,BeI2::sf-0002,1,0,
mp-583234,Bi4I_mp-583234.cif,Bi4I,False,Yes,True,mp-583234,Bi4I::sf-0001,1,0,
mp-27709,Bi6Br7_mp-27709.cif,Bi6Br7,False,Yes,True,mp-27709,Bi6Br7::sf-0001,1,0,
mp-582968,Bi6Cl7_mp-582968.cif,Bi6Cl7,False,Yes,True,mp-582968,Bi6Cl7::sf-0001,1,0,
mp-1214175,Bi7I2_mp-1214175.cif,Bi7I2,True,No,True,mp-1214175,Bi7I2::sf-0001,1,0,
mp-28149,Bi9I2_mp-28149.cif,Bi9I2,False,Yes,True,mp-28149,Bi9I2::sf-0001,1,0,
mp-2913080,BiBr3_mp-2913080.cif,BiBr3,True,No,True,mp-2913080,BiBr3::sf-0001,3,2,mp-568301;mp-752602
mp-568301,BiBr3_mp-568301.cif,BiBr3,False,Yes,False,mp-2913080,BiBr3::sf-0001,3,2,mp-2913080;mp-752602
mp-610430,BiBr3_mp-610430.cif,BiBr3,False,Yes,True,mp-610430,BiBr3::sf-0002,1,0,
mp-752602,BiBr3_mp-752602.cif,BiBr3,True,No,False,mp-2913080,BiBr3::sf-0001,3,2,mp-2913080;mp-568301
mp-568758,BiBr_mp-568758.cif,BiBr,False,Yes,True,mp-568758,BiBr::sf-0001,1,0,
mp-22908,BiCl3_mp-22908.cif,BiCl3,False,Yes,True,mp-22908,BiCl3::sf-0001,1,0,
mp-23237,BiF3_mp-23237.cif,BiF3,False,Yes,True,mp-23237,BiF3::sf-0001,1,0,
mp-23301,BiF3_mp-23301.cif,BiF3,False,Yes,False,mp-557466,BiF3::sf-0002,2,1,mp-557466
mp-557466,BiF3_mp-557466.cif,BiF3,False,Yes,True,mp-557466,BiF3::sf-0002,2,1,mp-23301
mp-685136,BiF3_mp-685136.cif,BiF3,True,No,True,mp-685136,BiF3::sf-0003,1,0,
mp-1396980,BiF4_mp-1396980.cif,BiF4,True,No,True,mp-1396980,BiF4::sf-0001,1,0,
mp-1047384,BiF5_mp-1047384.cif,BiF5,True,No,True,mp-1047384,BiF5::sf-0001,1,0,
mp-1369219,BiF5_mp-1369219.cif,BiF5,True,No,True,mp-1369219,BiF5::sf-0002,2,1,mp-2023073
mp-1404622,BiF5_mp-1404622.cif,BiF5,True,No,True,mp-1404622,BiF5::sf-0003,1,0,
mp-1411551,BiF5_mp-1411551.cif,BiF5,True,No,True,mp-1411551,BiF5::sf-0004,1,0,
mp-1881158,BiF5_mp-1881158.cif,BiF5,True,No,True,mp-1881158,BiF5::sf-0005,1,0,
mp-2023073,BiF5_mp-2023073.cif,BiF5,True,No,False,mp-1369219,BiF5::sf-0002,2,1,mp-1369219
mp-27743,BiF5_mp-27743.cif,BiF5,False,Yes,True,mp-27743,BiF5::sf-0006,1,0,
mp-1008490,BiI3_mp-1008490.cif,BiI3,True,No,True,mp-1008490,BiI3::sf-0001,1,0,
mp-1079786,BiI3_mp-1079786.cif,BiI3,True,No,True,mp-1079786,BiI3::sf-0002,1,0,
mp-1106279,BiI3_mp-1106279.cif,BiI3,True,No,True,mp-1106279,BiI3::sf-0003,1,0,
mp-1189196,BiI3_mp-1189196.cif,BiI3,True,No,True,mp-1189196,BiI3::sf-0004,1,0,
mp-2029636,BiI3_mp-2029636.cif,BiI3,True,No,True,mp-2029636,BiI3::sf-0005,1,0,
mp-22849,BiI3_mp-22849.cif,BiI3,False,Yes,True,mp-22849,BiI3::sf-0006,1,0,
mp-569157,BiI3_mp-569157.cif,BiI3,False,Yes,True,mp-569157,BiI3::sf-0007,1,0,
mp-950217,BiI4_mp-950217.cif,BiI4,True,No,True,mp-950217,BiI4::sf-0001,1,0,
mp-1214795,BiI5_mp-1214795.cif,BiI5,True,No,True,mp-1214795,BiI5::sf-0001,1,0,
mp-27708,BiI_mp-27708.cif,BiI,False,Yes,True,mp-27708,BiI::sf-0001,1,0,
mp-568388,BiI_mp-568388.cif,BiI,False,Yes,True,mp-568388,BiI::sf-0002,1,0,
mp-28933,Br2O3_mp-28933.cif,Br2O3,False,Yes,True,mp-28933,Br2O3::sf-0001,1,0,
mp-28460,Br2O_mp-28460.cif,Br2O,False,Yes,True,mp-28460,Br2O::sf-0001,1,0,
mp-36891,Br3N_mp-36891.cif,Br3N,,unknown,True,mp-36891,Br3N::sf-0001,1,0,
mp-1198478,BrN3_mp-1198478.cif,BrN3,False,Yes,True,mp-1198478,BrN3::sf-0001,1,0,
mp-1106142,BrN4_mp-1106142.cif,BrN4,True,No,True,mp-1106142,BrN4::sf-0001,1,0,
mp-1058019,BrN_mp-1058019.cif,BrN,False,Yes,True,mp-1058019,BrN::sf-0001,1,0,
mp-1059160,BrN_mp-1059160.cif,BrN,False,Yes,True,mp-1059160,BrN::sf-0002,1,0,
mp-1182030,BrN_mp-1182030.cif,BrN,True,No,True,mp-1182030,BrN::sf-0003,1,0,
mp-1182474,BrO2_mp-1182474.cif,BrO2,True,No,True,mp-1182474,BrO2::sf-0001,1,0,
mp-1182115,BrO3_mp-1182115.cif,BrO3,False,Yes,True,mp-1182115,BrO3::sf-0001,2,1,mp-1182120
mp-1182120,BrO3_mp-1182120.cif,BrO3,,unknown,False,mp-1182115,BrO3::sf-0001,2,1,mp-1182115
mp-1182293,BrO4_mp-1182293.cif,BrO4,True,No,True,mp-1182293,BrO4::sf-0001,1,0,
mp-1182418,BrO4_mp-1182418.cif,BrO4,True,No,True,mp-1182418,BrO4::sf-0002,1,0,
mp-1181998,BrO_mp-1181998.cif,BrO,True,No,True,mp-1181998,BrO::sf-0001,1,0,
mp-1207019,BrO_mp-1207019.cif,BrO,True,No,True,mp-1207019,BrO::sf-0002,1,0,
mp-647169,C10F3_mp-647169.cif,C10F3,False,Yes,True,mp-647169,C10F3::sf-0001,1,0,
mp-1588,C11F7_mp-1588.cif,C11F7,False,Yes,True,mp-1588,C11F7::sf-0001,1,0,
mp-1214278,C13Cl12_mp-1214278.cif,C13Cl12,True,No,True,mp-1214278,C13Cl12::sf-0001,1,0,
mp-646059,C13Cl3_mp-646059.cif,C13Cl3,False,Yes,True,mp-646059,C13Cl3::sf-0001,1,0,
mp-1196461,C13F7_mp-1196461.cif,C13F7,False,Yes,True,mp-1196461,C13F7::sf-0001,1,0,
mp-1214506,C15Br7_mp-1214506.cif,C15Br7,True,No,True,mp-1214506,C15Br7::sf-0001,1,0,
mp-1196803,C16Cl_mp-1196803.cif,C16Cl,False,Yes,True,mp-1196803,C16Cl::sf-0001,1,0,
mp-644802,C17F5_mp-644802.cif,C17F5,False,Yes,True,mp-644802,C17F5::sf-0001,1,0,
mp-646122,C20Cl3_mp-646122.cif,C20Cl3,False,Yes,True,mp-646122,C20Cl3::sf-0001,1,0,
mp-647192,C28Cl5_mp-647192.cif,C28Cl5,False,Yes,True,mp-647192,C28Cl5::sf-0001,1,0,
mp-683965,C2F_mp-683965.cif,C2F,False,Yes,True,mp-683965,C2F::sf-0001,1,0,
mp-555948,C37F21_mp-555948.cif,C37F21,False,Yes,True,mp-555948,C37F21::sf-0001,1,0,
mp-1214300,C3F2_mp-1214300.cif,C3F2,True,No,True,mp-1214300,C3F2::sf-0001,1,0,
mp-1195459,C3F5_mp-1195459.cif,C3F5,True,No,True,mp-1195459,C3F5::sf-0001,1,0,
mp-1195560,C3F5_mp-1195560.cif,C3F5,True,No,True,mp-1195560,C3F5::sf-0002,1,0,
mp-1200162,C41F14_mp-1200162.cif,C41F14,False,Yes,True,mp-1200162,C41F14::sf-0001,1,0,
mp-1214607,C4Cl5_mp-1214607.cif,C4Cl5,True,No,True,mp-1214607,C4Cl5::sf-0001,1,0,
mp-1195608,C50Cl11_mp-1195608.cif,C50Cl11,False,Yes,True,mp-1195608,C50Cl11::sf-0001,1,0,
mp-1214283,C5Cl4_mp-1214283.cif,C5Cl4,True,No,True,mp-1214283,C5Cl4::sf-0001,1,0,
mp-1214262,C5F6_mp-1214262.cif,C5F6,True,No,True,mp-1214262,C5F6::sf-0001,1,0,
mp-1214171,C6F5_mp-1214171.cif,C6F5,True,No,True,mp-1214171,C6F5::sf-0001,1,0,
mp-1214386,C7Cl5_mp-1214386.cif,C7Cl5,True,No,True,mp-1214386,C7Cl5::sf-0001,1,0,
mp-1214294,C7Cl8_mp-1214294.cif,C7Cl8,True,No,True,mp-1214294,C7Cl8::sf-0001,1,0,
mp-645316,C7F3_mp-645316.cif,C7F3,False,Yes,True,mp-645316,C7F3::sf-0001,1,0,
mp-1214421,C8Cl5_mp-1214421.cif,C8Cl5,True,No,True,mp-1214421,C8Cl5::sf-0001,1,0,
mp-1196206,C9Cl_mp-1196206.cif,C9Cl,False,Yes,True,mp-1196206,C9Cl::sf-0001,1,0,
mp-1199402,C9F5_mp-1199402.cif,C9F5,False,Yes,True,mp-1199402,C9F5::sf-0001,1,0,
mp-680422,CBr4_mp-680422.cif,CBr4,False,Yes,True,mp-680422,CBr4::sf-0001,1,0,
mp-1214217,CCl2_mp-1214217.cif,CCl2,True,No,True,mp-1214217,CCl2::sf-0001,1,0,
mp-1214207,CCl3_mp-1214207.cif,CCl3,True,No,True,mp-1214207,CCl3::sf-0001,1,0,
mp-1227457,CCl3_mp-1227457.cif,CCl3,True,No,True,mp-1227457,CCl3::sf-0002,1,0,
mp-1004532,CCl4_mp-1004532.cif,CCl4,False,Yes,True,mp-1004532,CCl4::sf-0001,1,0,
mp-1214295,CCl_mp-1214295.cif,CCl,True,No,True,mp-1214295,CCl::sf-0001,1,0,
mp-559432,CF2_mp-559432.cif,CF2,False,Yes,True,mp-559432,CF2::sf-0001,1,0,
mp-1167,CF4_mp-1167.cif,CF4,False,Yes,True,mp-1167,CF4::sf-0001,1,0,
mp-1214158,CF_mp-1214158.cif,CF,True,No,True,mp-1214158,CF::sf-0001,1,0,
mp-1214172,CF_mp-1214172.cif,CF,True,No,True,mp-1214172,CF::sf-0002,1,0,
mp-1214237,CI2_mp-1214237.cif,CI2,True,No,True,mp-1214237,CI2::sf-0001,1,0,
mp-27962,CI4_mp-27962.cif,CI4,False,Yes,True,mp-27962,CI4::sf-0001,1,0,
mp-1197830,CI_mp-1197830.cif,CI,False,Yes,True,mp-1197830,CI::sf-0001,1,0,
mp-684949,Ca2F_mp-684949.cif,Ca2F,True,No,True,mp-684949,Ca2F::sf-0001,1,0,
mp-22888,CaBr2_mp-22888.cif,CaBr2,False,Yes,True,mp-22888,CaBr2::sf-0001,2,1,mp-571166
mp-571166,CaBr2_mp-571166.cif,CaBr2,False,Yes,False,mp-22888,CaBr2::sf-0001,2,1,mp-22888
mp-1183444,CaBr_mp-1183444.cif,CaBr,True,No,True,mp-1183444,CaBr::sf-0001,1,0,
mp-1183475,CaBr_mp-1183475.cif,CaBr,True,No,True,mp-1183475,CaBr::sf-0002,1,0,
mp-1120739,CaCl2_mp-1120739.cif,CaCl2,True,No,True,mp-1120739,CaCl2::sf-0001,1,0,
mp-22904,CaCl2_mp-22904.cif,CaCl2,False,Yes,False,mp-23214,CaCl2::sf-0002,2,1,mp-23214
mp-23214,CaCl2_mp-23214.cif,CaCl2,False,Yes,True,mp-23214,CaCl2::sf-0002,2,1,mp-22904
mp-571627,CaCl2_mp-571627.cif,CaCl2,False,Yes,True,mp-571627,CaCl2::sf-0003,1,0,
mp-571642,CaCl2_mp-571642.cif,CaCl2,False,Yes,True,mp-571642,CaCl2::sf-0004,1,0,
mp-10464,CaF2_mp-10464.cif,CaF2,False,Yes,True,mp-10464,CaF2::sf-0001,1,0,
mp-2741,CaF2_mp-2741.cif,CaF2,False,Yes,True,mp-2741,CaF2::sf-0002,1,0,
mp-554355,CaF2_mp-554355.cif,CaF2,True,No,True,mp-554355,CaF2::sf-0003,1,0,
mp-560030,CaF2_mp-560030.cif,CaF2,True,No,True,mp-560030,CaF2::sf-0004,1,0,
mp-1183589,CaF3_mp-1183589.cif,CaF3,True,No,True,mp-1183589,CaF3::sf-0001,1,0,
mp-1183590,CaF3_mp-1183590.cif,CaF3,True,No,True,mp-1183590,CaF3::sf-0002,1,0,
mp-1183545,CaF_mp-1183545.cif,CaF,True,No,True,mp-1183545,CaF::sf-0001,1,0,
mp-30031,CaI2_mp-30031.cif,CaI2,False,Yes,True,mp-30031,CaI2::sf-0001,1,0,
mp-1183572,CaI_mp-1183572.cif,CaI,True,No,True,mp-1183572,CaI::sf-0001,1,0,
mp-703595,Cd13I28_mp-703595.cif,Cd13I28,False,Yes,True,mp-703595,Cd13I28::sf-0001,1,0,
mp-27934,CdBr2_mp-27934.cif,CdBr2,False,Yes,True,mp-27934,CdBr2::sf-0001,1,0,
mp-568690,CdBr2_mp-568690.cif,CdBr2,False,Yes,True,mp-568690,CdBr2::sf-0002,1,0,
mp-568722,CdBr2_mp-568722.cif,CdBr2,True,No,True,mp-568722,CdBr2::sf-0003,1,0,
mp-1181940,CdCl2_mp-1181940.cif,CdCl2,True,No,True,mp-1181940,CdCl2::sf-0001,2,1,mp-632403
mp-22881,CdCl2_mp-22881.cif,CdCl2,False,Yes,True,mp-22881,CdCl2::sf-0002,1,0,
mp-632403,CdCl2_mp-632403.cif,CdCl2,True,No,False,mp-1181940,CdCl2::sf-0001,2,1,mp-1181940
mp-695850,CdCl2_mp-695850.cif,CdCl2,True,No,True,mp-695850,CdCl2::sf-0003,1,0,
mp-1080124,CdCl4_mp-1080124.cif,CdCl4,False,Yes,True,mp-1080124,CdCl4::sf-0001,1,0,
mp-1206433,CdCl6_mp-1206433.cif,CdCl6,True,No,True,mp-1206433,CdCl6::sf-0001,1,0,
mp-1101972,CdF2_mp-1101972.cif,CdF2,True,No,True,mp-1101972,CdF2::sf-0001,1,0,
mp-241,CdF2_mp-241.cif,CdF2,False,Yes,True,mp-241,CdF2::sf-0002,1,0,
mp-1188728,CdI2_mp-1188728.cif,CdI2,False,Yes,True,mp-1188728,CdI2::sf-0001,1,0,
mp-28248,CdI2_mp-28248.cif,CdI2,False,Yes,True,mp-28248,CdI2::sf-0002,1,0,
mp-567259,CdI2_mp-567259.cif,CdI2,False,Yes,True,mp-567259,CdI2::sf-0003,1,0,
mp-567296,CdI2_mp-567296.cif,CdI2,False,Yes,True,mp-567296,CdI2::sf-0004,1,0,
mp-567336,CdI2_mp-567336.cif,CdI2,False,Yes,True,mp-567336,CdI2::sf-0005,1,0,
mp-567359,CdI2_mp-567359.cif,CdI2,False,Yes,True,mp-567359,CdI2::sf-0006,1,0,
mp-567402,CdI2_mp-567402.cif,CdI2,False,Yes,True,mp-567402,CdI2::sf-0007,1,0,
mp-567442,CdI2_mp-567442.cif,CdI2,False,Yes,True,mp-567442,CdI2::sf-0008,1,0,
mp-567483,CdI2_mp-567483.cif,CdI2,False,Yes,True,mp-567483,CdI2::sf-0009,1,0,
mp-567534,CdI2_mp-567534.cif,CdI2,False,Yes,True,mp-567534,CdI2::sf-0010,1,0,
mp-567567,CdI2_mp-567567.cif,CdI2,False,Yes,False,mp-570263,CdI2::sf-0011,2,1,mp-570263
mp-568233,CdI2_mp-568233.cif,CdI2,True,No,True,mp-568233,CdI2::sf-0012,1,0,
mp-568289,CdI2_mp-568289.cif,CdI2,False,Yes,True,mp-568289,CdI2::sf-0013,1,0,
mp-569468,CdI2_mp-569468.cif,CdI2,False,Yes,True,mp-569468,CdI2::sf-0014,1,0,
mp-569510,CdI2_mp-569510.cif,CdI2,True,No,True,mp-569510,CdI2::sf-0015,1,0,
mp-569611,CdI2_mp-569611.cif,CdI2,False,Yes,True,mp-569611,CdI2::sf-0016,1,0,
mp-569666,CdI2_mp-569666.cif,CdI2,False,Yes,True,mp-569666,CdI2::sf-0017,1,0,
mp-569722,CdI2_mp-569722.cif,CdI2,False,Yes,True,mp-569722,CdI2::sf-0018,1,0,
mp-569964,CdI2_mp-569964.cif,CdI2,False,Yes,True,mp-569964,CdI2::sf-0019,1,0,
mp-569994,CdI2_mp-569994.cif,CdI2,False,Yes,True,mp-569994,CdI2::sf-0020,1,0,
mp-570019,CdI2_mp-570019.cif,CdI2,False,Yes,True,mp-570019,CdI2::sf-0021,1,0,
mp-570054,CdI2_mp-570054.cif,CdI2,False,Yes,True,mp-570054,CdI2::sf-0022,1,0,
mp-570082,CdI2_mp-570082.cif,CdI2,False,Yes,True,mp-570082,CdI2::sf-0023,1,0,
mp-570089,CdI2_mp-570089.cif,CdI2,False,Yes,True,mp-570089,CdI2::sf-0024,1,0,
mp-570127,CdI2_mp-570127.cif,CdI2,False,Yes,True,mp-570127,CdI2::sf-0025,1,0,
mp-570165,CdI2_mp-570165.cif,CdI2,False,Yes,True,mp-570165,CdI2::sf-0026,1,0,
mp-570263,CdI2_mp-570263.cif,CdI2,False,Yes,True,mp-570263,CdI2::sf-0011,2,1,mp-567567
mp-570314,CdI2_mp-570314.cif,CdI2,False,Yes,True,mp-570314,CdI2::sf-0027,1,0,
mp-570410,CdI2_mp-570410.cif,CdI2,False,Yes,True,mp-570410,CdI2::sf-0028,1,0,
mp-570437,CdI2_mp-570437.cif,CdI2,False,Yes,True,mp-570437,CdI2::sf-0029,1,0,
mp-570448,CdI2_mp-570448.cif,CdI2,False,Yes,True,mp-570448,CdI2::sf-0030,1,0,
mp-570472,CdI2_mp-570472.cif,CdI2,False,Yes,True,mp-570472,CdI2::sf-0031,1,0,
mp-570492,CdI2_mp-570492.cif,CdI2,False,Yes,True,mp-570492,CdI2::sf-0032,1,0,
mp-570511,CdI2_mp-570511.cif,CdI2,False,Yes,True,mp-570511,CdI2::sf-0033,1,0,
mp-570552,CdI2_mp-570552.cif,CdI2,False,Yes,True,mp-570552,CdI2::sf-0034,1,0,
mp-570559,CdI2_mp-570559.cif,CdI2,False,Yes,True,mp-570559,CdI2::sf-0035,1,0,
mp-570610,CdI2_mp-570610.cif,CdI2,False,Yes,True,mp-570610,CdI2::sf-0036,1,0,
mp-570613,CdI2_mp-570613.cif,CdI2,False,Yes,True,mp-570613,CdI2::sf-0037,1,0,
mp-570671,CdI2_mp-570671.cif,CdI2,False,Yes,True,mp-570671,CdI2::sf-0038,1,0,
mp-570695,CdI2_mp-570695.cif,CdI2,False,Yes,True,mp-570695,CdI2::sf-0039,1,0,
mp-570781,CdI2_mp-570781.cif,CdI2,False,Yes,True,mp-570781,CdI2::sf-0040,1,0,
mp-570882,CdI2_mp-570882.cif,CdI2,False,Yes,True,mp-570882,CdI2::sf-0041,1,0,
mp-570939,CdI2_mp-570939.cif,CdI2,False,Yes,True,mp-570939,CdI2::sf-0042,1,0,
mp-571037,CdI2_mp-571037.cif,CdI2,False,Yes,True,mp-571037,CdI2::sf-0043,1,0,
mp-571091,CdI2_mp-571091.cif,CdI2,False,Yes,True,mp-571091,CdI2::sf-0044,1,0,
mp-571136,CdI2_mp-571136.cif,CdI2,False,Yes,True,mp-571136,CdI2::sf-0045,1,0,
mp-571197,CdI2_mp-571197.cif,CdI2,False,Yes,True,mp-571197,CdI2::sf-0046,1,0,
mp-571225,CdI2_mp-571225.cif,CdI2,False,Yes,True,mp-571225,CdI2::sf-0047,1,0,
mp-571514,CdI2_mp-571514.cif,CdI2,False,Yes,True,mp-571514,CdI2::sf-0048,1,0,
mp-571516,CdI2_mp-571516.cif,CdI2,False,Yes,True,mp-571516,CdI2::sf-0049,1,0,
mp-571519,CdI2_mp-571519.cif,CdI2,False,Yes,True,mp-571519,CdI2::sf-0050,1,0,
mp-571535,CdI2_mp-571535.cif,CdI2,False,Yes,True,mp-571535,CdI2::sf-0051,1,0,
mp-571538,CdI2_mp-571538.cif,CdI2,False,Yes,True,mp-571538,CdI2::sf-0052,1,0,
mp-571539,CdI2_mp-571539.cif,CdI2,False,Yes,True,mp-571539,CdI2::sf-0053,1,0,
mp-571559,CdI2_mp-571559.cif,CdI2,False,Yes,True,mp-571559,CdI2::sf-0054,1,0,
mp-571567,CdI2_mp-571567.cif,CdI2,False,Yes,True,mp-571567,CdI2::sf-0055,1,0,
mp-571568,CdI2_mp-571568.cif,CdI2,False,Yes,True,mp-571568,CdI2::sf-0056,1,0,
mp-571569,CdI2_mp-571569.cif,CdI2,False,Yes,True,mp-571569,CdI2::sf-0057,1,0,
mp-571578,CdI2_mp-571578.cif,CdI2,False,Yes,True,mp-571578,CdI2::sf-0058,1,0,
mp-571579,CdI2_mp-571579.cif,CdI2,False,Yes,True,mp-571579,CdI2::sf-0059,1,0,
mp-571583,CdI2_mp-571583.cif,CdI2,False,Yes,True,mp-571583,CdI2::sf-0060,1,0,
mp-571592,CdI2_mp-571592.cif,CdI2,False,Yes,True,mp-571592,CdI2::sf-0061,1,0,
mp-571593,CdI2_mp-571593.cif,CdI2,False,Yes,True,mp-571593,CdI2::sf-0062,1,0,
mp-571595,CdI2_mp-571595.cif,CdI2,False,Yes,True,mp-571595,CdI2::sf-0063,1,0,
mp-571603,CdI2_mp-571603.cif,CdI2,False,Yes,True,mp-571603,CdI2::sf-0064,1,0,
mp-571605,CdI2_mp-571605.cif,CdI2,False,Yes,True,mp-571605,CdI2::sf-0065,1,0,
mp-571607,CdI2_mp-571607.cif,CdI2,False,Yes,True,mp-571607,CdI2::sf-0066,1,0,
mp-571613,CdI2_mp-571613.cif,CdI2,False,Yes,True,mp-571613,CdI2::sf-0067,1,0,
mp-571615,CdI2_mp-571615.cif,CdI2,False,Yes,True,mp-571615,CdI2::sf-0068,1,0,
mp-571616,CdI2_mp-571616.cif,CdI2,False,Yes,True,mp-571616,CdI2::sf-0069,1,0,
mp-571635,CdI2_mp-571635.cif,CdI2,False,Yes,True,mp-571635,CdI2::sf-0070,1,0,
mp-571646,CdI2_mp-571646.cif,CdI2,False,Yes,True,mp-571646,CdI2::sf-0071,1,0,
mp-571654,CdI2_mp-571654.cif,CdI2,False,Yes,True,mp-571654,CdI2::sf-0072,1,0,
mp-571660,CdI2_mp-571660.cif,CdI2,False,Yes,True,mp-571660,CdI2::sf-0073,1,0,
mp-571667,CdI2_mp-571667.cif,CdI2,False,Yes,True,mp-571667,CdI2::sf-0074,1,0,
mp-571668,CdI2_mp-571668.cif,CdI2,False,Yes,True,mp-571668,CdI2::sf-0075,1,0,
mp-573588,CdI2_mp-573588.cif,CdI2,True,No,True,mp-573588,CdI2::sf-0076,1,0,
mp-573608,CdI2_mp-573608.cif,CdI2,True,No,True,mp-573608,CdI2::sf-0077,1,0,
mp-574663,CdI2_mp-574663.cif,CdI2,False,Yes,True,mp-574663,CdI2::sf-0078,1,0,
mp-582042,CdI2_mp-582042.cif,CdI2,False,Yes,True,mp-582042,CdI2::sf-0079,1,0,
mp-582084,CdI2_mp-582084.cif,CdI2,False,Yes,True,mp-582084,CdI2::sf-0080,1,0,
mp-582619,CdI2_mp-582619.cif,CdI2,False,Yes,True,mp-582619,CdI2::sf-0081,1,0,
mp-624399,CdI2_mp-624399.cif,CdI2,False,Yes,True,mp-624399,CdI2::sf-0082,1,0,
mp-624400,CdI2_mp-624400.cif,CdI2,False,Yes,True,mp-624400,CdI2::sf-0083,1,0,
mp-624406,CdI2_mp-624406.cif,CdI2,False,Yes,True,mp-624406,CdI2::sf-0084,1,0,
mp-624417,CdI2_mp-624417.cif,CdI2,False,Yes,True,mp-624417,CdI2::sf-0085,1,0,
mp-624418,CdI2_mp-624418.cif,CdI2,False,Yes,True,mp-624418,CdI2::sf-0086,1,0,
mp-627401,CdI2_mp-627401.cif,CdI2,True,No,True,mp-627401,CdI2::sf-0087,1,0,
mp-627557,CdI2_mp-627557.cif,CdI2,False,Yes,True,mp-627557,CdI2::sf-0088,1,0,
mp-647489,CdI2_mp-647489.cif,CdI2,False,Yes,True,mp-647489,CdI2::sf-0089,1,0,
mp-669326,CdI2_mp-669326.cif,CdI2,False,Yes,True,mp-669326,CdI2::sf-0090,1,0,
mp-669334,CdI2_mp-669334.cif,CdI2,False,Yes,True,mp-669334,CdI2::sf-0091,1,0,
mp-669340,CdI2_mp-669340.cif,CdI2,False,Yes,True,mp-669340,CdI2::sf-0092,1,0,
mp-669357,CdI2_mp-669357.cif,CdI2,False,Yes,True,mp-669357,CdI2::sf-0093,1,0,
mp-669358,CdI2_mp-669358.cif,CdI2,False,Yes,True,mp-669358,CdI2::sf-0094,1,0,
mp-669360,CdI2_mp-669360.cif,CdI2,False,Yes,True,mp-669360,CdI2::sf-0095,1,0,
mp-680046,CdI2_mp-680046.cif,CdI2,False,Yes,True,mp-680046,CdI2::sf-0096,1,0,
mp-680047,CdI2_mp-680047.cif,CdI2,False,Yes,True,mp-680047,CdI2::sf-0097,1,0,
mp-680055,CdI2_mp-680055.cif,CdI2,False,Yes,True,mp-680055,CdI2::sf-0098,1,0,
mp-680092,CdI2_mp-680092.cif,CdI2,False,Yes,True,mp-680092,CdI2::sf-0099,1,0,
mp-680093,CdI2_mp-680093.cif,CdI2,False,Yes,True,mp-680093,CdI2::sf-0100,1,0,
mp-680094,CdI2_mp-680094.cif,CdI2,False,Yes,True,mp-680094,CdI2::sf-0101,1,0,
mp-680095,CdI2_mp-680095.cif,CdI2,False,Yes,True,mp-680095,CdI2::sf-0102,1,0,
mp-680111,CdI2_mp-680111.cif,CdI2,False,Yes,True,mp-680111,CdI2::sf-0103,1,0,
mp-680112,CdI2_mp-680112.cif,CdI2,False,Yes,True,mp-680112,CdI2::sf-0104,1,0,
mp-680113,CdI2_mp-680113.cif,CdI2,False,Yes,True,mp-680113,CdI2::sf-0105,1,0,
mp-680114,CdI2_mp-680114.cif,CdI2,False,Yes,True,mp-680114,CdI2::sf-0106,1,0,
mp-680115,CdI2_mp-680115.cif,CdI2,False,Yes,True,mp-680115,CdI2::sf-0107,1,0,
mp-680116,CdI2_mp-680116.cif,CdI2,False,Yes,True,mp-680116,CdI2::sf-0108,1,0,
mp-680118,CdI2_mp-680118.cif,CdI2,False,Yes,True,mp-680118,CdI2::sf-0109,1,0,
mp-680119,CdI2_mp-680119.cif,CdI2,False,Yes,True,mp-680119,CdI2::sf-0110,1,0,
mp-680120,CdI2_mp-680120.cif,CdI2,False,Yes,True,mp-680120,CdI2::sf-0111,1,0,
mp-680133,CdI2_mp-680133.cif,CdI2,False,Yes,True,mp-680133,CdI2::sf-0112,1,0,
mp-680144,CdI2_mp-680144.cif,CdI2,False,Yes,True,mp-680144,CdI2::sf-0113,1,0,
mp-680145,CdI2_mp-680145.cif,CdI2,False,Yes,True,mp-680145,CdI2::sf-0114,1,0,
mp-680146,CdI2_mp-680146.cif,CdI2,False,Yes,True,mp-680146,CdI2::sf-0115,1,0,
mp-680148,CdI2_mp-680148.cif,CdI2,False,Yes,True,mp-680148,CdI2::sf-0116,1,0,
mp-680152,CdI2_mp-680152.cif,CdI2,False,Yes,True,mp-680152,CdI2::sf-0117,1,0,
mp-680153,CdI2_mp-680153.cif,CdI2,False,Yes,True,mp-680153,CdI2::sf-0118,1,0,
mp-680163,CdI2_mp-680163.cif,CdI2,False,Yes,True,mp-680163,CdI2::sf-0119,1,0,
mp-680172,CdI2_mp-680172.cif,CdI2,False,Yes,True,mp-680172,CdI2::sf-0120,1,0,
mp-680196,CdI2_mp-680196.cif,CdI2,False,Yes,True,mp-680196,CdI2::sf-0121,1,0,
mp-684029,CdI2_mp-684029.cif,CdI2,False,Yes,True,mp-684029,CdI2::sf-0122,1,0,
mp-1104603,Ce2Br5_mp-1104603.cif,Ce2Br5,False,Yes,True,mp-1104603,Ce2Br5::sf-0001,1,0,
mp-984727,Ce3Br_mp-984727.cif,Ce3Br,True,No,True,mp-984727,Ce3Br::sf-0001,1,0,
mp-1183784,Ce3Cl_mp-1183784.cif,Ce3Cl,True,No,True,mp-1183784,Ce3Cl::sf-0001,1,0,
mp-1183731,Ce3I_mp-1183731.cif,Ce3I,True,No,True,mp-1183731,Ce3I::sf-0001,1,0,
mp-569850,CeBr3_mp-569850.cif,CeBr3,False,Yes,True,mp-569850,CeBr3::sf-0001,1,0,
mp-582011,CeCl3_mp-582011.cif,CeCl3,False,Yes,True,mp-582011,CeCl3::sf-0001,1,0,
mp-2038579,CeF3_mp-2038579.cif,CeF3,True,No,True,mp-2038579,CeF3::sf-0001,2,1,mp-557720
mp-22070,CeF3_mp-22070.cif,CeF3,False,Yes,True,mp-22070,CeF3::sf-0002,1,0,
mp-510560,CeF3_mp-510560.cif,CeF3,False,Yes,True,mp-510560,CeF3::sf-0003,1,0,
mp-557720,CeF3_mp-557720.cif,CeF3,True,No,False,mp-2038579,CeF3::sf-0001,2,1,mp-2038579
mp-542001,CeF4_mp-542001.cif,CeF4,False,Yes,True,mp-542001,CeF4::sf-0001,1,0,
mp-1025426,CeI3_mp-1025426.cif,CeI3,True,No,False,mp-1545417,CeI3::sf-0001,2,1,mp-1545417
mp-1183849,CeI3_mp-1183849.cif,CeI3,True,No,True,mp-1183849,CeI3::sf-0002,1,0,
mp-1545417,CeI3_mp-1545417.cif,CeI3,True,No,True,mp-1545417,CeI3::sf-0001,2,1,mp-1025426
mp-31050,Cl2O7_mp-31050.cif,Cl2O7,False,Yes,True,mp-31050,Cl2O7::sf-0001,1,0,
mp-29537,Cl2O_mp-29537.cif,Cl2O,False,Yes,True,mp-29537,Cl2O::sf-0001,1,0,
mp-23207,ClO2_mp-23207.cif,ClO2,False,Yes,True,mp-23207,ClO2::sf-0001,1,0,
mp-1181699,ClO3_mp-1181699.cif,ClO3,True,No,True,mp-1181699,ClO3::sf-0001,1,0,
mp-22869,ClO3_mp-22869.cif,ClO3,False,Yes,True,mp-22869,ClO3::sf-0002,1,0,
mp-1181724,ClO5_mp-1181724.cif,ClO5,False,Yes,True,mp-1181724,ClO5::sf-0001,1,0,
mp-1213825,ClO5_mp-1213825.cif,ClO5,True,No,True,mp-1213825,ClO5::sf-0002,1,0,
mp-733797,ClO6_mp-733797.cif,ClO6,False,Yes,True,mp-733797,ClO6::sf-0001,1,0,
mp-1059242,ClO_mp-1059242.cif,ClO,False,Yes,True,mp-1059242,ClO::sf-0001,1,0,
mp-1213922,ClO_mp-1213922.cif,ClO,True,No,True,mp-1213922,ClO::sf-0002,1,0,
mp-1183689,Co3Cl_mp-1183689.cif,Co3Cl,True,No,True,mp-1183689,Co3Cl::sf-0001,1,0,
mp-1183714,Co3I_mp-1183714.cif,Co3I,True,No,True,mp-1183714,Co3I::sf-0001,1,0,
mp-1183756,Co3I_mp-1183756.cif,Co3I,True,No,True,mp-1183756,Co3I::sf-0002,1,0,
mp-30033,CoBr2_mp-30033.cif,CoBr2,False,Yes,True,mp-30033,CoBr2::sf-0001,1,0,
mp-1059765,CoBr_mp-1059765.cif,CoBr,False,Yes,True,mp-1059765,CoBr::sf-0001,1,0,
mp-1120788,CoCl2_mp-1120788.cif,CoCl2,True,No,True,mp-1120788,CoCl2::sf-0001,1,0,
mp-23240,CoCl2_mp-23240.cif,CoCl2,False,Yes,True,mp-23240,CoCl2::sf-0002,1,0,
mp-632413,CoCl2_mp-632413.cif,CoCl2,True,No,False,mp-696114,CoCl2::sf-0003,2,1,mp-696114
mp-696114,CoCl2_mp-696114.cif,CoCl2,True,No,True,mp-696114,CoCl2::sf-0003,2,1,mp-632413
mp-1206633,CoCl6_mp-1206633.cif,CoCl6,True,No,True,mp-1206633,CoCl6::sf-0001,1,0,
mp-555908,CoF2_mp-555908.cif,CoF2,False,Yes,True,mp-555908,CoF2::sf-0001,1,0,
mp-1178425,CoF3_mp-1178425.cif,CoF3,True,No,False,mp-1271079,CoF3::sf-0001,7,6,mp-1271079;mp-1271121;mp-1271165;mp-1271166;mp-559435;mp-860537
mp-1182416,CoF3_mp-1182416.cif,CoF3,True,No,False,mp-559473,CoF3::sf-0002,2,1,mp-559473
mp-1271079,CoF3_mp-1271079.cif,CoF3,True,No,True,mp-1271079,CoF3::sf-0001,7,6,mp-1178425;mp-1271121;mp-1271165;mp-1271166;mp-559435;mp-860537
mp-1271121,CoF3_mp-1271121.cif,CoF3,True,No,False,mp-1271079,CoF3::sf-0001,7,6,mp-1178425;mp-1271079;mp-1271165;mp-1271166;mp-559435;mp-860537
mp-1271165,CoF3_mp-1271165.cif,CoF3,True,No,False,mp-1271079,CoF3::sf-0001,7,6,mp-1178425;mp-1271079;mp-1271121;mp-1271166;mp-559435;mp-860537
mp-1271166,CoF3_mp-1271166.cif,CoF3,True,No,False,mp-1271079,CoF3::sf-0001,7,6,mp-1178425;mp-1271079;mp-1271121;mp-1271165;mp-559435;mp-860537
mp-2761222,CoF3_mp-2761222.cif,CoF3,True,No,True,mp-2761222,CoF3::sf-0003,1,0,
mp-2767736,CoF3_mp-2767736.cif,CoF3,True,No,True,mp-2767736,CoF3::sf-0004,1,0,
mp-559435,CoF3_mp-559435.cif,CoF3,True,No,False,mp-1271079,CoF3::sf-0001,7,6,mp-1178425;mp-1271079;mp-1271121;mp-1271165;mp-1271166;mp-860537
mp-559473,CoF3_mp-559473.cif,CoF3,False,Yes,True,mp-559473,CoF3::sf-0002,2,1,mp-1182416
mp-860537,CoF3_mp-860537.cif,CoF3,False,Yes,False,mp-1271079,CoF3::sf-0001,7,6,mp-1178425;mp-1271079;mp-1271121;mp-1271165;mp-1271166;mp-559435
mp-1397055,CoF4_mp-1397055.cif,CoF4,True,No,True,mp-1397055,CoF4::sf-0001,1,0,
mp-569610,CoI2_mp-569610.cif,CoI2,False,Yes,True,mp-569610,CoI2::sf-0001,1,0,
mp-558380,Cr2F5_mp-558380.cif,Cr2F5,False,Yes,True,mp-558380,Cr2F5::sf-0001,1,0,
mp-1183765,CrBr2_mp-1183765.cif,CrBr2,True,No,True,mp-1183765,CrBr2::sf-0001,1,0,
mp-567624,CrBr2_mp-567624.cif,CrBr2,False,Yes,True,mp-567624,CrBr2::sf-0002,1,0,
mp-27734,CrBr3_mp-27734.cif,CrBr3,False,Yes,True,mp-27734,CrBr3::sf-0001,1,0,
mp-22857,CrCl2_mp-22857.cif,CrCl2,False,Yes,True,mp-22857,CrCl2::sf-0001,1,0,
mp-1192095,CrCl3_mp-1192095.cif,CrCl3,False,Yes,True,mp-1192095,CrCl3::sf-0001,1,0,
mp-1193047,CrCl3_mp-1193047.cif,CrCl3,False,Yes,True,mp-1193047,CrCl3::sf-0002,1,0,
mp-27630,CrCl3_mp-27630.cif,CrCl3,False,Yes,True,mp-27630,CrCl3::sf-0003,1,0,
mp-567504,CrCl3_mp-567504.cif,CrCl3,False,Yes,True,mp-567504,CrCl3::sf-0004,1,0,
mp-569890,CrCl3_mp-569890.cif,CrCl3,False,Yes,True,mp-569890,CrCl3::sf-0005,1,0,
mp-1183702,CrCl_mp-1183702.cif,CrCl,True,No,True,mp-1183702,CrCl::sf-0001,1,0,
mp-554340,CrF2_mp-554340.cif,CrF2,False,Yes,True,mp-554340,CrF2::sf-0001,1,0,
mp-1181931,CrF3_mp-1181931.cif,CrF3,True,No,True,mp-1181931,CrF3::sf-0001,1,0,
mp-560338,CrF3_mp-560338.cif,CrF3,False,Yes,True,mp-560338,CrF3::sf-0002,1,0,
mp-1387939,CrF4_mp-1387939.cif,CrF4,True,No,False,mp-1924816,CrF4::sf-0001,2,1,mp-1924816
mp-1924816,CrF4_mp-1924816.cif,CrF4,True,No,True,mp-1924816,CrF4::sf-0001,2,1,mp-1387939
mp-20488,CrF4_mp-20488.cif,CrF4,False,Yes,True,mp-20488,CrF4::sf-0002,1,0,
mp-554855,CrF4_mp-554855.cif,CrF4,False,Yes,True,mp-554855,CrF4::sf-0003,1,0,
mp-1041606,CrF5_mp-1041606.cif,CrF5,True,No,True,mp-1041606,CrF5::sf-0001,1,0,
mp-1374127,CrF5_mp-1374127.cif,CrF5,True,No,True,mp-1374127,CrF5::sf-0002,1,0,
mp-1388415,CrF5_mp-1388415.cif,CrF5,True,No,True,mp-1388415,CrF5::sf-0003,1,0,
mp-1397070,CrF5_mp-1397070.cif,CrF5,True,No,True,mp-1397070,CrF5::sf-0004,1,0,
mp-639662,CrF5_mp-639662.cif,CrF5,False,Yes,True,mp-639662,CrF5::sf-0005,1,0,
mp-1391848,CrF6_mp-1391848.cif,CrF6,True,No,True,mp-1391848,CrF6::sf-0001,1,0,
mp-1181742,CrI2_mp-1181742.cif,CrI2,True,No,True,mp-1181742,CrI2::sf-0001,1,0,
mp-27215,CrI2_mp-27215.cif,CrI2,False,Yes,True,mp-27215,CrI2::sf-0002,1,0,
mp-567687,CrI2_mp-567687.cif,CrI2,False,Yes,True,mp-567687,CrI2::sf-0003,1,0,
mp-1213805,CrI3_mp-1213805.cif,CrI3,True,No,True,mp-1213805,CrI3::sf-0001,1,0,
mp-1184038,Cs3I_mp-1184038.cif,Cs3I,True,No,True,mp-1184038,Cs3I::sf-0001,1,0,
mp-27641,CsBr3_mp-27641.cif,CsBr3,False,Yes,True,mp-27641,CsBr3::sf-0001,1,0,
mp-22906,CsBr_mp-22906.cif,CsBr,False,Yes,True,mp-22906,CsBr::sf-0001,1,0,
mp-571222,CsBr_mp-571222.cif,CsBr,False,Yes,True,mp-571222,CsBr::sf-0002,1,0,
mp-22865,CsCl_mp-22865.cif,CsCl,False,Yes,True,mp-22865,CsCl::sf-0001,1,0,
mp-573697,CsCl_mp-573697.cif,CsCl,False,Yes,True,mp-573697,CsCl::sf-0002,1,0,
mp-1784,CsF_mp-1784.cif,CsF,False,Yes,True,mp-1784,CsF::sf-0001,1,0,
mp-8455,CsF_mp-8455.cif,CsF,False,Yes,True,mp-8455,CsF::sf-0002,1,0,
mp-22876,CsI3_mp-22876.cif,CsI3,False,Yes,True,mp-22876,CsI3::sf-0001,1,0,
mp-571011,CsI4_mp-571011.cif,CsI4,False,Yes,True,mp-571011,CsI4::sf-0001,1,0,
mp-1056920,CsI_mp-1056920.cif,CsI,False,Yes,True,mp-1056920,CsI::sf-0001,1,0,
mp-1078801,CsI_mp-1078801.cif,CsI,True,No,False,mp-614603,CsI::sf-0002,3,2,mp-1444738;mp-614603
mp-1079694,CsI_mp-1079694.cif,CsI,False,Yes,True,mp-1079694,CsI::sf-0003,1,0,
mp-1444738,CsI_mp-1444738.cif,CsI,True,No,False,mp-614603,CsI::sf-0002,3,2,mp-1078801;mp-614603
mp-614603,CsI_mp-614603.cif,CsI,False,Yes,True,mp-614603,CsI::sf-0002,3,2,mp-1078801;mp-1444738
mp-684621,Cu13I15_mp-684621.cif,Cu13I15,True,No,True,mp-684621,Cu13I15::sf-0001,1,0,
mp-685100,Cu14I19_mp-685100.cif,Cu14I19,True,No,True,mp-685100,Cu14I19::sf-0001,1,0,
mp-685158,Cu16I19_mp-685158.cif,Cu16I19,True,No,True,mp-685158,Cu16I19::sf-0001,1,0,
mp-1183968,Cu3Cl_mp-1183968.cif,Cu3Cl,True,No,True,mp-1183968,Cu3Cl::sf-0001,1,0,
mp-1183996,Cu3F_mp-1183996.cif,Cu3F,True,No,True,mp-1183996,Cu3F::sf-0001,1,0,
mp-1147530,CuBr2_mp-1147530.cif,CuBr2,True,No,True,mp-1147530,CuBr2::sf-0001,1,0,
mp-1147532,CuBr2_mp-1147532.cif,CuBr2,True,No,True,mp-1147532,CuBr2::sf-0002,1,0,
mp-23219,CuBr2_mp-23219.cif,CuBr2,False,Yes,True,mp-23219,CuBr2::sf-0003,1,0,
mp-2360071,CuBr2_mp-2360071.cif,CuBr2,False,Yes,True,mp-2360071,CuBr2::sf-0004,1,0,
mp-22913,CuBr_mp-22913.cif,CuBr,False,Yes,True,mp-22913,CuBr::sf-0001,2,1,mp-32880
mp-22917,CuBr_mp-22917.cif,CuBr,False,Yes,True,mp-22917,CuBr::sf-0002,1,0,
mp-23212,CuBr_mp-23212.cif,CuBr,False,Yes,True,mp-23212,CuBr::sf-0003,1,0,
mp-23227,CuBr_mp-23227.cif,CuBr,False,Yes,True,mp-23227,CuBr::sf-0004,1,0,
mp-32880,CuBr_mp-32880.cif,CuBr,True,No,False,mp-22913,CuBr::sf-0001,2,1,mp-22913
mp-570354,CuBr_mp-570354.cif,CuBr,False,Yes,True,mp-570354,CuBr::sf-0005,1,0,
mp-1147756,CuCl2_mp-1147756.cif,CuCl2,True,No,True,mp-1147756,CuCl2::sf-0001,1,0,
mp-1147758,CuCl2_mp-1147758.cif,CuCl2,True,No,True,mp-1147758,CuCl2::sf-0002,1,0,
mp-1238872,CuCl2_mp-1238872.cif,CuCl2,True,No,True,mp-1238872,CuCl2::sf-0003,1,0,
mp-30999,CuCl2_mp-30999.cif,CuCl2,False,Yes,True,mp-30999,CuCl2::sf-0004,1,0,
mp-1213141,CuCl3_mp-1213141.cif,CuCl3,True,No,True,mp-1213141,CuCl3::sf-0001,1,0,
mp-32829,CuCl4_mp-32829.cif,CuCl4,True,No,True,mp-32829,CuCl4::sf-0001,1,0,
mp-1184046,CuCl_mp-1184046.cif,CuCl,True,No,True,mp-1184046,CuCl::sf-0001,1,0,
mp-1225654,CuCl_mp-1225654.cif,CuCl,True,No,False,mp-22914,CuCl::sf-0002,2,1,mp-22914
mp-22914,CuCl_mp-22914.cif,CuCl,False,Yes,True,mp-22914,CuCl::sf-0002,2,1,mp-1225654
mp-23287,CuCl_mp-23287.cif,CuCl,False,Yes,True,mp-23287,CuCl::sf-0003,1,0,
mp-571386,CuCl_mp-571386.cif,CuCl,False,Yes,True,mp-571386,CuCl::sf-0004,1,0,
mp-1147670,CuF2_mp-1147670.cif,CuF2,True,No,True,mp-1147670,CuF2::sf-0001,1,0,
mp-1147672,CuF2_mp-1147672.cif,CuF2,True,No,True,mp-1147672,CuF2::sf-0002,1,0,
mp-1229,CuF2_mp-1229.cif,CuF2,False,Yes,True,mp-1229,CuF2::sf-0003,1,0,
mp-10634,CuF_mp-10634.cif,CuF,False,Yes,True,mp-10634,CuF::sf-0001,1,0,
mp-1147667,CuI2_mp-1147667.cif,CuI2,True,No,True,mp-1147667,CuI2::sf-0001,1,0,
mp-1213016,CuI2_mp-1213016.cif,CuI2,True,No,True,mp-1213016,CuI2::sf-0002,1,0,
mp-2745918,CuI4_mp-2745918.cif,CuI4,True,No,True,mp-2745918,CuI4::sf-0001,1,0,
mp-2766484,CuI4_mp-2766484.cif,CuI4,True,No,True,mp-2766484,CuI4::sf-0002,1,0,
mp-33218,CuI4_mp-33218.cif,CuI4,True,No,True,mp-33218,CuI4::sf-0003,1,0,
mp-1007922,CuI_mp-1007922.cif,CuI,False,Yes,True,mp-1007922,CuI::sf-0001,1,0,
mp-1096937,CuI_mp-1096937.cif,CuI,True,No,True,mp-1096937,CuI::sf-0002,1,0,
mp-22863,CuI_mp-22863.cif,CuI,False,Yes,True,mp-22863,CuI::sf-0003,1,0,
mp-22895,CuI_mp-22895.cif,CuI,False,Yes,True,mp-22895,CuI::sf-0004,2,1,mp-673245
mp-23306,CuI_mp-23306.cif,CuI,False,Yes,True,mp-23306,CuI::sf-0005,1,0,
mp-32750,CuI_mp-32750.cif,CuI,True,No,True,mp-32750,CuI::sf-0006,1,0,
mp-569346,CuI_mp-569346.cif,CuI,False,Yes,True,mp-569346,CuI::sf-0007,1,0,
mp-570081,CuI_mp-570081.cif,CuI,True,No,True,mp-570081,CuI::sf-0008,1,0,
mp-570136,CuI_mp-570136.cif,CuI,False,Yes,True,mp-570136,CuI::sf-0009,1,0,
mp-673245,CuI_mp-673245.cif,CuI,True,No,False,mp-22895,CuI::sf-0004,2,1,mp-22895
mp-669497,Dy5Cl11_mp-669497.cif,Dy5Cl11,False,Yes,True,mp-669497,Dy5Cl11::sf-0001,1,0,
mp-1213323,Dy6Cl13_mp-1213323.cif,Dy6Cl13,True,No,True,mp-1213323,Dy6Cl13::sf-0001,1,0,
mp-30025,DyBr2_mp-30025.cif,DyBr2,False,Yes,True,mp-30025,DyBr2::sf-0001,1,0,
mp-864986,DyBr2_mp-864986.cif,DyBr2,True,No,True,mp-864986,DyBr2::sf-0002,1,0,
mp-864982,DyBr3_mp-864982.cif,DyBr3,True,No,True,mp-864982,DyBr3::sf-0001,1,0,
mp-1213029,DyCl2_mp-1213029.cif,DyCl2,True,No,True,mp-1213029,DyCl2::sf-0001,1,0,
mp-28448,DyCl3_mp-28448.cif,DyCl3,False,Yes,True,mp-28448,DyCl3::sf-0001,1,0,
mp-1212843,DyF3_mp-1212843.cif,DyF3,True,No,True,mp-1212843,DyF3::sf-0001,1,0,
mp-1212889,DyF3_mp-1212889.cif,DyF3,True,No,True,mp-1212889,DyF3::sf-0002,1,0,
mp-865005,DyI3_mp-865005.cif,DyI3,True,No,True,mp-865005,DyI3::sf-0001,1,0,
mp-1206888,DyI6_mp-1206888.cif,DyI6,True,No,True,mp-1206888,DyI6::sf-0001,1,0,
mp-541637,Er4I5_mp-541637.cif,Er4I5,False,Yes,True,mp-541637,Er4I5::sf-0001,1,0,
mp-571258,Er6I7_mp-571258.cif,Er6I7,False,Yes,True,mp-571258,Er6I7::sf-0001,1,0,
mp-861968,ErCl2_mp-861968.cif,ErCl2,True,No,True,mp-861968,ErCl2::sf-0001,1,0,
mp-863029,ErCl3_mp-863029.cif,ErCl3,True,No,True,mp-863029,ErCl3::sf-0001,1,0,
mp-9371,ErF3_mp-9371.cif,ErF3,False,Yes,True,mp-9371,ErF3::sf-0001,1,0,
mp-866003,ErI3_mp-866003.cif,ErI3,True,No,True,mp-866003,ErI3::sf-0001,1,0,
mp-1184273,EuBr2_mp-1184273.cif,EuBr2,True,No,True,mp-1184273,EuBr2::sf-0001,1,0,
mp-23311,EuBr2_mp-23311.cif,EuBr2,False,Yes,True,mp-23311,EuBr2::sf-0002,1,0,
mp-1184529,EuBr3_mp-1184529.cif,EuBr3,True,No,True,mp-1184529,EuBr3::sf-0001,1,0,
mp-1205810,EuBr3_mp-1205810.cif,EuBr3,True,No,True,mp-1205810,EuBr3::sf-0002,1,0,
mp-1183892,EuCl2_mp-1183892.cif,EuCl2,True,No,True,mp-1183892,EuCl2::sf-0001,1,0,
mp-22887,EuCl2_mp-22887.cif,EuCl2,False,Yes,True,mp-22887,EuCl2::sf-0002,1,0,
mp-2050029,EuCl3_mp-2050029.cif,EuCl3,True,No,False,mp-569895,EuCl3::sf-0001,2,1,mp-569895
mp-569895,EuCl3_mp-569895.cif,EuCl3,False,Yes,True,mp-569895,EuCl3::sf-0001,2,1,mp-2050029
mp-504731,EuF2_mp-504731.cif,EuF2,False,Yes,True,mp-504731,EuF2::sf-0001,1,0,
mp-19908,EuF3_mp-19908.cif,EuF3,False,Yes,True,mp-19908,EuF3::sf-0001,1,0,
mp-1102093,EuI2_mp-1102093.cif,EuI2,False,Yes,True,mp-1102093,EuI2::sf-0001,1,0,
mp-23305,EuI2_mp-23305.cif,EuI2,False,Yes,True,mp-23305,EuI2::sf-0002,1,0,
mp-570799,EuI2_mp-570799.cif,EuI2,False,Yes,True,mp-570799,EuI2::sf-0003,1,0,
mp-1184279,Fe3F_mp-1184279.cif,Fe3F,True,No,True,mp-1184279,Fe3F::sf-0001,1,0,
mp-22880,FeBr2_mp-22880.cif,FeBr2,False,Yes,True,mp-22880,FeBr2::sf-0001,1,0,
mp-23232,FeBr3_mp-23232.cif,FeBr3,False,Yes,True,mp-23232,FeBr3::sf-0001,1,0,
mp-23229,FeCl2_mp-23229.cif,FeCl2,False,Yes,True,mp-23229,FeCl2::sf-0001,1,0,
mp-571096,FeCl2_mp-571096.cif,FeCl2,False,Yes,True,mp-571096,FeCl2::sf-0002,1,0,
mp-1182789,FeCl3_mp-1182789.cif,FeCl3,True,No,True,mp-1182789,FeCl3::sf-0001,1,0,
mp-2051155,FeCl3_mp-2051155.cif,FeCl3,,unknown,True,mp-2051155,FeCl3::sf-0002,1,0,
mp-23204,FeCl3_mp-23204.cif,FeCl3,False,Yes,True,mp-23204,FeCl3::sf-0003,1,0,
mp-583463,FeCl3_mp-583463.cif,FeCl3,True,No,True,mp-583463,FeCl3::sf-0004,1,0,
mp-645418,FeCl3_mp-645418.cif,FeCl3,True,No,True,mp-645418,FeCl3::sf-0005,1,0,
mp-676241,FeCl3_mp-676241.cif,FeCl3,True,No,True,mp-676241,FeCl3::sf-0006,1,0,
mp-1225059,FeCl4_mp-1225059.cif,FeCl4,True,No,True,mp-1225059,FeCl4::sf-0001,1,0,
mp-1207367,FeCl6_mp-1207367.cif,FeCl6,True,No,True,mp-1207367,FeCl6::sf-0001,1,0,
mp-985588,FeCl_mp-985588.cif,FeCl,True,No,True,mp-985588,FeCl::sf-0001,1,0,
mp-556911,FeF2_mp-556911.cif,FeF2,False,Yes,True,mp-556911,FeF2::sf-0001,1,0,
mp-1096967,FeF3_mp-1096967.cif,FeF3,True,No,True,mp-1096967,FeF3::sf-0001,1,0,
mp-1181398,FeF3_mp-1181398.cif,FeF3,False,Yes,False,mp-558852,FeF3::sf-0002,2,1,mp-558852
mp-1181783,FeF3_mp-1181783.cif,FeF3,True,No,False,mp-22398,FeF3::sf-0003,2,1,mp-22398
mp-22398,FeF3_mp-22398.cif,FeF3,False,Yes,True,mp-22398,FeF3::sf-0003,2,1,mp-1181783
mp-558852,FeF3_mp-558852.cif,FeF3,True,No,True,mp-558852,FeF3::sf-0002,2,1,mp-1181398
mp-559450,FeF3_mp-559450.cif,FeF3,False,Yes,True,mp-559450,FeF3::sf-0004,1,0,
mp-1396678,FeF4_mp-1396678.cif,FeF4,True,No,True,mp-1396678,FeF4::sf-0001,1,0,
mp-1213622,FeF6_mp-1213622.cif,FeF6,True,No,True,mp-1213622,FeF6::sf-0001,1,0,
mp-571122,FeI2_mp-571122.cif,FeI2,False,Yes,True,mp-571122,FeI2::sf-0001,1,0,
mp-636675,Ga2I3_mp-636675.cif,Ga2I3,False,Yes,True,mp-636675,Ga2I3::sf-0001,1,0,
mp-616204,Ga3Cl7_mp-616204.cif,Ga3Cl7,False,Yes,True,mp-616204,Ga3Cl7::sf-0001,1,0,
mp-28384,GaBr2_mp-28384.cif,GaBr2,False,Yes,True,mp-28384,GaBr2::sf-0001,1,0,
mp-650841,GaBr2_mp-650841.cif,GaBr2,False,Yes,True,mp-650841,GaBr2::sf-0002,1,0,
mp-30953,GaBr3_mp-30953.cif,GaBr3,False,Yes,True,mp-30953,GaBr3::sf-0001,1,0,
mp-568848,GaCl2_mp-568848.cif,GaCl2,False,Yes,True,mp-568848,GaCl2::sf-0001,1,0,
mp-30952,GaCl3_mp-30952.cif,GaCl3,False,Yes,True,mp-30952,GaCl3::sf-0001,2,1,mp-571266
mp-571266,GaCl3_mp-571266.cif,GaCl3,False,Yes,False,mp-30952,GaCl3::sf-0001,2,1,mp-30952
mp-659211,GaCl3_mp-659211.cif,GaCl3,True,No,True,mp-659211,GaCl3::sf-0002,1,0,
mp-1181390,GaF3_mp-1181390.cif,GaF3,True,No,True,mp-1181390,GaF3::sf-0001,1,0,
mp-588,GaF3_mp-588.cif,GaF3,False,Yes,True,mp-588,GaF3::sf-0002,1,0,
mp-570738,GaI2_mp-570738.cif,GaI2,False,Yes,True,mp-570738,GaI2::sf-0001,1,0,
mp-30954,GaI3_mp-30954.cif,GaI3,False,Yes,True,mp-30954,GaI3::sf-0001,1,0,
mp-618813,Gd2Br3_mp-618813.cif,Gd2Br3,False,Yes,True,mp-618813,Gd2Br3::sf-0001,1,0,
mp-1078829,Gd2Cl3_mp-1078829.cif,Gd2Cl3,False,Yes,True,mp-1078829,Gd2Cl3::sf-0001,2,1,mp-656152
mp-656152,Gd2Cl3_mp-656152.cif,Gd2Cl3,True,No,False,mp-1078829,Gd2Cl3::sf-0001,2,1,mp-1078829
mp-1184423,Gd3I_mp-1184423.cif,Gd3I,True,No,True,mp-1184423,Gd3I::sf-0001,1,0,
mp-27182,GdBr3_mp-27182.cif,GdBr3,False,Yes,True,mp-27182,GdBr3::sf-0001,1,0,
mp-1064427,GdBr_mp-1064427.cif,GdBr,False,Yes,True,mp-1064427,GdBr::sf-0001,1,0,
mp-23265,GdCl3_mp-23265.cif,GdCl3,False,Yes,True,mp-23265,GdCl3::sf-0001,1,0,
mp-1184482,GdCl_mp-1184482.cif,GdCl,True,No,True,mp-1184482,GdCl::sf-0001,1,0,
mp-972965,GdF3_mp-972965.cif,GdF3,True,No,True,mp-972965,GdF3::sf-0001,1,0,
mp-29688,Ge3Cl8_mp-29688.cif,Ge3Cl8,False,Yes,True,mp-29688,Ge3Cl8::sf-0001,1,0,
mp-1190647,Ge3F8_mp-1190647.cif,Ge3F8,False,Yes,True,mp-1190647,Ge3F8::sf-0001,1,0,
mp-976783,Ge3F_mp-976783.cif,Ge3F,True,No,True,mp-976783,Ge3F::sf-0001,1,0,
mp-27342,Ge5F12_mp-27342.cif,Ge5F12,False,Yes,True,mp-27342,Ge5F12::sf-0001,1,0,
mp-29500,Ge7F16_mp-29500.cif,Ge7F16,False,Yes,True,mp-29500,Ge7F16::sf-0001,1,0,
mp-1184708,GeBr2_mp-1184708.cif,GeBr2,True,No,True,mp-1184708,GeBr2::sf-0001,1,0,
mp-2746678,GeBr2_mp-2746678.cif,GeBr2,True,No,True,mp-2746678,GeBr2::sf-0002,1,0,
mp-541610,GeBr2_mp-541610.cif,GeBr2,False,Yes,True,mp-541610,GeBr2::sf-0003,1,0,
mp-567604,GeBr4_mp-567604.cif,GeBr4,False,Yes,True,mp-567604,GeBr4::sf-0001,1,0,
mp-571246,GeBr4_mp-571246.cif,GeBr4,False,Yes,True,mp-571246,GeBr4::sf-0002,1,0,
mp-30086,GeCl4_mp-30086.cif,GeCl4,False,Yes,True,mp-30086,GeCl4::sf-0001,1,0,
mp-1095292,GeF2_mp-1095292.cif,GeF2,False,Yes,True,mp-1095292,GeF2::sf-0001,1,0,
mp-7595,GeF2_mp-7595.cif,GeF2,False,Yes,True,mp-7595,GeF2::sf-0002,1,0,
mp-9816,GeF4_mp-9816.cif,GeF4,False,Yes,True,mp-9816,GeF4::sf-0001,1,0,
mp-1540935,GeI2_mp-1540935.cif,GeI2,True,No,False,mp-27922,GeI2::sf-0001,2,1,mp-27922
mp-27922,GeI2_mp-27922.cif,GeI2,False,Yes,True,mp-27922,GeI2::sf-0001,2,1,mp-1540935
mp-567677,GeI2_mp-567677.cif,GeI2,False,Yes,True,mp-567677,GeI2::sf-0002,1,0,
mp-23266,GeI4_mp-23266.cif,GeI4,False,Yes,True,mp-23266,GeI4::sf-0001,1,0,
mp-1184796,H3F2_mp-1184796.cif,H3F2,True,No,True,mp-1184796,H3F2::sf-0001,1,0,
mp-1524481,H3F2_mp-1524481.cif,H3F2,,unknown,True,mp-1524481,H3F2::sf-0002,1,0,
mp-983357,H3F2_mp-983357.cif,H3F2,True,No,True,mp-983357,H3F2::sf-0003,1,0,
mp-2020987,HBr_mp-2020987.cif,HBr,True,No,False,mp-632229,HBr::sf-0001,3,2,mp-32684;mp-632229
mp-2352325,HBr_mp-2352325.cif,HBr,True,No,False,mp-730522,HBr::sf-0002,3,2,mp-634105;mp-730522
mp-23903,HBr_mp-23903.cif,HBr,False,Yes,True,mp-23903,HBr::sf-0003,1,0,
mp-32684,HBr_mp-32684.cif,HBr,True,No,False,mp-632229,HBr::sf-0001,3,2,mp-2020987;mp-632229
mp-632229,HBr_mp-632229.cif,HBr,False,Yes,True,mp-632229,HBr::sf-0001,3,2,mp-2020987;mp-32684
mp-634105,HBr_mp-634105.cif,HBr,True,No,False,mp-730522,HBr::sf-0002,3,2,mp-2352325;mp-730522
mp-730522,HBr_mp-730522.cif,HBr,True,No,True,mp-730522,HBr::sf-0002,3,2,mp-2352325;mp-634105
mp-2037040,HCl_mp-2037040.cif,HCl,True,No,True,mp-2037040,HCl::sf-0001,3,2,mp-23722;mp-684609
mp-23722,HCl_mp-23722.cif,HCl,False,Yes,False,mp-2037040,HCl::sf-0001,3,2,mp-2037040;mp-684609
mp-632326,HCl_mp-632326.cif,HCl,False,Yes,True,mp-632326,HCl::sf-0002,1,0,
mp-634101,HCl_mp-634101.cif,HCl,True,No,True,mp-634101,HCl::sf-0003,1,0,
mp-684609,HCl_mp-684609.cif,HCl,True,No,False,mp-2037040,HCl::sf-0001,3,2,mp-2037040;mp-23722
mp-1536913,HF_mp-1536913.cif,HF,True,No,True,mp-1536913,HF::sf-0001,1,0,
mp-632296,HF_mp-632296.cif,HF,False,Yes,True,mp-632296,HF::sf-0002,1,0,
mp-1184859,HI3_mp-1184859.cif,HI3,True,No,True,mp-1184859,HI3::sf-0001,1,0,
mp-2929431,HI3_mp-2929431.cif,HI3,True,No,True,mp-2929431,HI3::sf-0002,1,0,
mp-697025,HI_mp-697025.cif,HI,False,Yes,True,mp-697025,HI::sf-0001,1,0,
mp-1184661,Hf3I_mp-1184661.cif,Hf3I,True,No,True,mp-1184661,Hf3I::sf-0001,1,0,
mp-864915,HfBr3_mp-864915.cif,HfBr3,True,No,True,mp-864915,HfBr3::sf-0001,1,0,
mp-1212517,HfBr4_mp-1212517.cif,HfBr4,True,No,True,mp-1212517,HfBr4::sf-0001,1,0,
mp-29422,HfCl4_mp-29422.cif,HfCl4,False,Yes,True,mp-29422,HfCl4::sf-0001,1,0,
mp-31033,HfF4_mp-31033.cif,HfF4,False,Yes,True,mp-31033,HfF4::sf-0001,1,0,
mp-568002,HfI3_mp-568002.cif,HfI3,False,Yes,True,mp-568002,HfI3::sf-0001,1,0,
mp-567273,HfI4_mp-567273.cif,HfI4,False,Yes,True,mp-567273,HfI4::sf-0001,1,0,
mp-569059,HfI4_mp-569059.cif,HfI4,False,Yes,True,mp-569059,HfI4::sf-0002,1,0,
mp-1184605,Hg3Cl_mp-1184605.cif,Hg3Cl,True,No,True,mp-1184605,Hg3Cl::sf-0001,1,0,
mp-973777,Hg3F_mp-973777.cif,Hg3F,True,No,True,mp-973777,Hg3F::sf-0001,1,0,
mp-973778,Hg3F_mp-973778.cif,Hg3F,True,No,True,mp-973778,Hg3F::sf-0002,1,0,
mp-982008,Hg3F_mp-982008.cif,Hg3F,True,No,True,mp-982008,Hg3F::sf-0003,1,0,
mp-568838,Hg4I7_mp-568838.cif,Hg4I7,True,No,True,mp-568838,Hg4I7::sf-0001,1,0,
mp-2038287,HgBr2_mp-2038287.cif,HgBr2,True,No,True,mp-2038287,HgBr2::sf-0001,2,1,mp-571558
mp-23292,HgBr2_mp-23292.cif,HgBr2,False,Yes,True,mp-23292,HgBr2::sf-0002,1,0,
mp-571558,HgBr2_mp-571558.cif,HgBr2,False,Yes,False,mp-2038287,HgBr2::sf-0001,2,1,mp-2038287
mp-1184720,HgBr3_mp-1184720.cif,HgBr3,True,No,True,mp-1184720,HgBr3::sf-0001,1,0,
mp-23177,HgBr_mp-23177.cif,HgBr,False,Yes,True,mp-23177,HgBr::sf-0001,1,0,
mp-1102919,HgCl2_mp-1102919.cif,HgCl2,False,Yes,True,mp-1102919,HgCl2::sf-0001,1,0,
mp-22855,HgCl2_mp-22855.cif,HgCl2,False,Yes,True,mp-22855,HgCl2::sf-0002,1,0,
mp-22897,HgCl_mp-22897.cif,HgCl,False,Yes,True,mp-22897,HgCl::sf-0001,1,0,
mp-1102332,HgF2_mp-1102332.cif,HgF2,True,No,True,mp-1102332,HgF2::sf-0001,1,0,
mp-8177,HgF2_mp-8177.cif,HgF2,False,Yes,True,mp-8177,HgF2::sf-0002,1,0,
mp-974603,HgF2_mp-974603.cif,HgF2,True,No,True,mp-974603,HgF2::sf-0003,1,0,
mp-1184655,HgF3_mp-1184655.cif,HgF3,True,No,True,mp-1184655,HgF3::sf-0001,1,0,
mp-706,HgF_mp-706.cif,HgF,False,Yes,True,mp-706,HgF::sf-0001,1,0,
mp-23173,HgI2_mp-23173.cif,HgI2,False,Yes,True,mp-23173,HgI2::sf-0001,1,0,
mp-23192,HgI2_mp-23192.cif,HgI2,False,Yes,True,mp-23192,HgI2::sf-0002,1,0,
mp-567471,HgI2_mp-567471.cif,HgI2,False,Yes,True,mp-567471,HgI2::sf-0003,1,0,
mp-568742,HgI2_mp-568742.cif,HgI2,False,Yes,True,mp-568742,HgI2::sf-0004,1,0,
mp-583213,HgI2_mp-583213.cif,HgI2,False,Yes,True,mp-583213,HgI2::sf-0005,1,0,
mp-973601,HgI3_mp-973601.cif,HgI3,True,No,True,mp-973601,HgI3::sf-0001,1,0,
mp-22859,HgI_mp-22859.cif,HgI,False,Yes,True,mp-22859,HgI::sf-0001,1,0,
mp-1213127,Ho5Cl11_mp-1213127.cif,Ho5Cl11,True,No,True,mp-1213127,Ho5Cl11::sf-0001,1,0,
mp-1184741,HoBr2_mp-1184741.cif,HoBr2,True,No,True,mp-1184741,HoBr2::sf-0001,1,0,
mp-977375,HoBr3_mp-977375.cif,HoBr3,True,No,True,mp-977375,HoBr3::sf-0001,1,0,
mp-864641,HoCl2_mp-864641.cif,HoCl2,True,No,True,mp-864641,HoCl2::sf-0001,1,0,
mp-864662,HoCl3_mp-864662.cif,HoCl3,True,No,True,mp-864662,HoCl3::sf-0001,1,0,
mp-561877,HoF3_mp-561877.cif,HoF3,False,Yes,True,mp-561877,HoF3::sf-0001,1,0,
mp-864657,HoI3_mp-864657.cif,HoI3,True,No,True,mp-864657,HoI3::sf-0001,1,0,
mp-1212113,I2N3_mp-1212113.cif,I2N3,True,No,True,mp-1212113,I2N3::sf-0001,1,0,
mp-23261,I2O5_mp-23261.cif,I2O5,False,Yes,True,mp-23261,I2O5::sf-0001,1,0,
mp-1190039,I3N_mp-1190039.cif,I3N,False,Yes,True,mp-1190039,I3N::sf-0001,1,0,
mp-726322,I3N_mp-726322.cif,I3N,False,Yes,True,mp-726322,I3N::sf-0002,1,0,
mp-727952,I3O8_mp-727952.cif,I3O8,False,Yes,True,mp-727952,I3O8::sf-0001,1,0,
mp-1105105,I5N2_mp-1105105.cif,I5N2,False,Yes,True,mp-1105105,I5N2::sf-0001,1,0,
mp-1097011,IN2_mp-1097011.cif,IN2,True,No,True,mp-1097011,IN2::sf-0001,1,0,
mp-1207164,IN2_mp-1207164.cif,IN2,True,No,True,mp-1207164,IN2::sf-0002,1,0,
mp-684692,IN3_mp-684692.cif,IN3,True,No,True,mp-684692,IN3::sf-0001,1,0,
mp-1188721,IN4_mp-1188721.cif,IN4,False,Yes,True,mp-1188721,IN4::sf-0001,1,0,
mp-1212209,IN4_mp-1212209.cif,IN4,True,No,True,mp-1212209,IN4::sf-0002,1,0,
mp-1103129,IN5_mp-1103129.cif,IN5,False,Yes,True,mp-1103129,IN5::sf-0001,1,0,
mp-1056900,IN_mp-1056900.cif,IN,False,Yes,True,mp-1056900,IN::sf-0001,1,0,
mp-1057979,IN_mp-1057979.cif,IN,False,Yes,True,mp-1057979,IN::sf-0002,1,0,
mp-23170,IO2_mp-23170.cif,IO2,False,Yes,True,mp-23170,IO2::sf-0001,1,0,
mp-1181185,IO3_mp-1181185.cif,IO3,False,Yes,True,mp-1181185,IO3::sf-0001,1,0,
mp-23315,IO3_mp-23315.cif,IO3,False,Yes,True,mp-23315,IO3::sf-0002,1,0,
mp-1181130,IO6_mp-1181130.cif,IO6,False,Yes,True,mp-1181130,IO6::sf-0001,1,0,
mp-685014,In2Br3_mp-685014.cif,In2Br3,True,No,True,mp-685014,In2Br3::sf-0001,1,0,
mp-685174,In2Br3_mp-685174.cif,In2Br3,True,No,True,mp-685174,In2Br3::sf-0002,1,0,
mp-667324,In2Cl3_mp-667324.cif,In2Cl3,False,Yes,True,mp-667324,In2Cl3::sf-0001,1,0,
mp-1184519,In3Cl_mp-1184519.cif,In3Cl,True,No,True,mp-1184519,In3Cl::sf-0001,1,0,
mp-568692,In4Br7_mp-568692.cif,In4Br7,False,Yes,True,mp-568692,In4Br7::sf-0001,1,0,
mp-680760,In4Br7_mp-680760.cif,In4Br7,False,Yes,True,mp-680760,In4Br7::sf-0002,1,0,
mp-568546,In5Br7_mp-568546.cif,In5Br7,False,Yes,True,mp-568546,In5Br7::sf-0001,2,1,mp-652621
mp-652621,In5Br7_mp-652621.cif,In5Br7,False,Yes,False,mp-568546,In5Br7::sf-0001,2,1,mp-568546
mp-680178,In5Br7_mp-680178.cif,In5Br7,False,Yes,True,mp-680178,In5Br7::sf-0002,1,0,
mp-28112,In5Cl9_mp-28112.cif,In5Cl9,False,Yes,True,mp-28112,In5Cl9::sf-0001,1,0,
mp-28988,In7Br9_mp-28988.cif,In7Br9,False,Yes,True,mp-28988,In7Br9::sf-0001,1,0,
mp-28730,In7Cl9_mp-28730.cif,In7Cl9,False,Yes,True,mp-28730,In7Cl9::sf-0001,1,0,
mp-568108,InBr2_mp-568108.cif,InBr2,False,Yes,True,mp-568108,InBr2::sf-0001,1,0,
mp-570219,InBr3_mp-570219.cif,InBr3,False,Yes,True,mp-570219,InBr3::sf-0001,1,0,
mp-22870,InBr_mp-22870.cif,InBr,False,Yes,True,mp-22870,InBr::sf-0001,1,0,
mp-1212122,InCl2_mp-1212122.cif,InCl2,True,No,True,mp-1212122,InCl2::sf-0001,1,0,
mp-862983,InCl3_mp-862983.cif,InCl3,True,No,True,mp-862983,InCl3::sf-0001,1,0,
mp-23276,InCl_mp-23276.cif,InCl,False,Yes,True,mp-23276,InCl::sf-0001,1,0,
mp-571555,InCl_mp-571555.cif,InCl,False,Yes,True,mp-571555,InCl::sf-0002,1,0,
mp-571636,InCl_mp-571636.cif,InCl,False,Yes,True,mp-571636,InCl::sf-0003,1,0,
mp-6949,InF3_mp-6949.cif,InF3,False,Yes,True,mp-6949,InF3::sf-0001,1,0,
mp-29312,InI2_mp-29312.cif,InI2,False,Yes,True,mp-29312,InI2::sf-0001,1,0,
mp-567789,InI3_mp-567789.cif,InI3,False,Yes,True,mp-567789,InI3::sf-0001,1,0,
mp-675332,InI4_mp-675332.cif,InI4,True,No,True,mp-675332,InI4::sf-0001,1,0,
mp-23202,InI_mp-23202.cif,InI,False,Yes,True,mp-23202,InI::sf-0001,1,0,
mp-1184748,Ir3F_mp-1184748.cif,Ir3F,True,No,True,mp-1184748,Ir3F::sf-0001,1,0,
mp-27397,IrBr3_mp-27397.cif,IrBr3,False,Yes,True,mp-27397,IrBr3::sf-0001,1,0,
mp-862845,IrCl2_mp-862845.cif,IrCl2,True,No,True,mp-862845,IrCl2::sf-0001,1,0,
mp-27666,IrCl3_mp-27666.cif,IrCl3,False,Yes,True,mp-27666,IrCl3::sf-0001,1,0,
mp-568208,IrCl3_mp-568208.cif,IrCl3,False,Yes,True,mp-568208,IrCl3::sf-0002,2,1,mp-729507
mp-729507,IrCl3_mp-729507.cif,IrCl3,True,No,False,mp-568208,IrCl3::sf-0002,2,1,mp-568208
mp-865956,IrCl3_mp-865956.cif,IrCl3,True,No,True,mp-865956,IrCl3::sf-0003,1,0,
mp-2437,IrF3_mp-2437.cif,IrF3,False,Yes,True,mp-2437,IrF3::sf-0001,1,0,
mp-13841,IrF4_mp-13841.cif,IrF4,False,Yes,True,mp-13841,IrF4::sf-0001,1,0,
mp-560553,IrF6_mp-560553.cif,IrF6,False,Yes,True,mp-560553,IrF6::sf-0001,1,0,
mp-1025442,IrI3_mp-1025442.cif,IrI3,True,No,True,mp-1025442,IrI3::sf-0001,1,0,
mp-1184756,IrI_mp-1184756.cif,IrI,True,No,True,mp-1184756,IrI::sf-0001,1,0,
mp-1185135,KBr3_mp-1185135.cif,KBr3,True,No,True,mp-1185135,KBr3::sf-0001,1,0,
mp-23251,KBr_mp-23251.cif,KBr,False,Yes,True,mp-23251,KBr::sf-0001,1,0,
mp-570891,KBr_mp-570891.cif,KBr,False,Yes,True,mp-570891,KBr::sf-0002,1,0,
mp-1185148,KCl3_mp-1185148.cif,KCl3,True,No,True,mp-1185148,KCl3::sf-0001,1,0,
mp-23193,KCl_mp-23193.cif,KCl,False,Yes,True,mp-23193,KCl::sf-0001,1,0,
mp-23289,KCl_mp-23289.cif,KCl,False,Yes,True,mp-23289,KCl::sf-0002,1,0,
mp-976802,KF2_mp-976802.cif,KF2,True,No,True,mp-976802,KF2::sf-0001,1,0,
mp-1544557,KF3_mp-1544557.cif,KF3,False,Yes,True,mp-1544557,KF3::sf-0001,1,0,
mp-2749823,KF3_mp-2749823.cif,KF3,True,No,True,mp-2749823,KF3::sf-0002,1,0,
mp-867934,KF3_mp-867934.cif,KF3,False,Yes,True,mp-867934,KF3::sf-0003,1,0,
mp-1095521,KF5_mp-1095521.cif,KF5,False,Yes,True,mp-1095521,KF5::sf-0001,1,0,
mp-463,KF_mp-463.cif,KF,False,Yes,True,mp-463,KF::sf-0001,1,0,
mp-8454,KF_mp-8454.cif,KF,False,Yes,True,mp-8454,KF::sf-0002,1,0,
mp-1078836,KI_mp-1078836.cif,KI,True,No,True,mp-1078836,KI::sf-0001,3,2,mp-1524274;mp-726865
mp-1524274,KI_mp-1524274.cif,KI,True,No,False,mp-1078836,KI::sf-0001,3,2,mp-1078836;mp-726865
mp-22898,KI_mp-22898.cif,KI,False,Yes,True,mp-22898,KI::sf-0002,1,0,
mp-22901,KI_mp-22901.cif,KI,False,Yes,True,mp-22901,KI::sf-0003,1,0,
mp-726865,KI_mp-726865.cif,KI,True,No,False,mp-1078836,KI::sf-0001,3,2,mp-1078836;mp-1524274
mp-30009,KrF2_mp-30009.cif,KrF2,False,Yes,True,mp-30009,KrF2::sf-0001,1,0,
mp-558928,KrF2_mp-558928.cif,KrF2,False,Yes,True,mp-558928,KrF2::sf-0002,1,0,
mp-28571,La2Br5_mp-28571.cif,La2Br5,False,Yes,True,mp-28571,La2Br5::sf-0001,1,0,
mp-30282,La2I5_mp-30282.cif,La2I5,False,Yes,True,mp-30282,La2I5::sf-0001,1,0,
mp-1185002,La3Br_mp-1185002.cif,La3Br,True,No,True,mp-1185002,La3Br::sf-0001,1,0,
mp-1185003,La3Cl_mp-1185003.cif,La3Cl,True,No,True,mp-1185003,La3Cl::sf-0001,1,0,
mp-1185116,La3Cl_mp-1185116.cif,La3Cl,True,No,True,mp-1185116,La3Cl::sf-0002,1,0,
mp-28572,LaBr2_mp-28572.cif,LaBr2,False,Yes,True,mp-28572,LaBr2::sf-0001,1,0,
mp-23263,LaBr3_mp-23263.cif,LaBr3,False,Yes,True,mp-23263,LaBr3::sf-0001,1,0,
mp-27679,LaBr_mp-27679.cif,LaBr,False,Yes,True,mp-27679,LaBr::sf-0001,1,0,
mp-22896,LaCl3_mp-22896.cif,LaCl3,False,Yes,True,mp-22896,LaCl3::sf-0001,1,0,
mp-27929,LaCl_mp-27929.cif,LaCl,False,Yes,True,mp-27929,LaCl::sf-0001,1,0,
mp-1207087,LaF2_mp-1207087.cif,LaF2,True,No,True,mp-1207087,LaF2::sf-0001,1,0,
mp-1101074,LaF3_mp-1101074.cif,LaF3,False,Yes,True,mp-1101074,LaF3::sf-0001,1,0,
mp-13181,LaF3_mp-13181.cif,LaF3,True,No,True,mp-13181,LaF3::sf-0002,1,0,
mp-17171,LaF3_mp-17171.cif,LaF3,True,No,True,mp-17171,LaF3::sf-0003,1,0,
mp-323,LaF3_mp-323.cif,LaF3,True,No,True,mp-323,LaF3::sf-0004,1,0,
mp-334,LaF3_mp-334.cif,LaF3,False,Yes,True,mp-334,LaF3::sf-0005,1,0,
mp-557870,LaF3_mp-557870.cif,LaF3,True,No,True,mp-557870,LaF3::sf-0006,1,0,
mp-8354,LaF3_mp-8354.cif,LaF3,False,Yes,True,mp-8354,LaF3::sf-0007,1,0,
mp-905,LaF3_mp-905.cif,LaF3,False,Yes,True,mp-905,LaF3::sf-0008,1,0,
mp-1184996,LaF_mp-1184996.cif,LaF,True,No,True,mp-1184996,LaF::sf-0001,1,0,
mp-23194,LaI2_mp-23194.cif,LaI2,False,Yes,True,mp-23194,LaI2::sf-0001,1,0,
mp-27979,LaI3_mp-27979.cif,LaI3,False,Yes,True,mp-27979,LaI3::sf-0001,1,0,
mp-22860,LaI_mp-22860.cif,LaI,False,Yes,True,mp-22860,LaI::sf-0001,1,0,
mp-23259,LiBr_mp-23259.cif,LiBr,False,Yes,True,mp-23259,LiBr::sf-0001,1,0,
mp-976280,LiBr_mp-976280.cif,LiBr,True,No,True,mp-976280,LiBr::sf-0002,1,0,
mp-1185319,LiCl_mp-1185319.cif,LiCl,True,No,True,mp-1185319,LiCl::sf-0001,1,0,
mp-22905,LiCl_mp-22905.cif,LiCl,False,Yes,True,mp-22905,LiCl::sf-0002,1,0,
mp-1185348,LiF3_mp-1185348.cif,LiF3,True,No,True,mp-1185348,LiF3::sf-0001,1,0,
mp-1009009,LiF_mp-1009009.cif,LiF,True,No,True,mp-1009009,LiF::sf-0001,1,0,
mp-1138,LiF_mp-1138.cif,LiF,False,Yes,True,mp-1138,LiF::sf-0002,1,0,
mp-1185301,LiF_mp-1185301.cif,LiF,True,No,True,mp-1185301,LiF::sf-0003,1,0,
mp-22899,LiI_mp-22899.cif,LiI,False,Yes,True,mp-22899,LiI::sf-0001,1,0,
mp-568273,LiI_mp-568273.cif,LiI,False,Yes,True,mp-568273,LiI::sf-0002,1,0,
mp-570935,LiI_mp-570935.cif,LiI,False,Yes,True,mp-570935,LiI::sf-0003,1,0,
mp-866214,LuBr3_mp-866214.cif,LuBr3,True,No,True,mp-866214,LuBr3::sf-0001,1,0,
mp-973976,LuBr_mp-973976.cif,LuBr,True,No,True,mp-973976,LuBr::sf-0001,1,0,
mp-865324,LuCl3_mp-865324.cif,LuCl3,True,No,True,mp-865324,LuCl3::sf-0001,1,0,
mp-1185487,LuF3_mp-1185487.cif,LuF3,True,No,True,mp-1185487,LuF3::sf-0001,1,0,
mp-1207204,LuF3_mp-1207204.cif,LuF3,True,No,True,mp-1207204,LuF3::sf-0002,1,0,
mp-1210818,LuF3_mp-1210818.cif,LuF3,True,No,True,mp-1210818,LuF3::sf-0003,1,0,
mp-865521,LuI3_mp-865521.cif,LuI3,True,No,True,mp-865521,LuI3::sf-0001,1,0,
mp-1185549,Mg149Br_mp-1185549.cif,Mg149Br,True,No,True,mp-1185549,Mg149Br::sf-0001,1,0,
mp-1185584,Mg149Cl_mp-1185584.cif,Mg149Cl,True,No,True,mp-1185584,Mg149Cl::sf-0001,1,0,
mp-1185590,Mg149I_mp-1185590.cif,Mg149I,True,No,True,mp-1185590,Mg149I::sf-0001,1,0,
mp-978272,Mg3Br_mp-978272.cif,Mg3Br,True,No,True,mp-978272,Mg3Br::sf-0001,1,0,
mp-30034,MgBr2_mp-30034.cif,MgBr2,False,Yes,True,mp-30034,MgBr2::sf-0001,1,0,
mp-1207230,MgBr6_mp-1207230.cif,MgBr6,True,No,True,mp-1207230,MgBr6::sf-0001,1,0,
mp-23210,MgCl2_mp-23210.cif,MgCl2,False,Yes,True,mp-23210,MgCl2::sf-0001,1,0,
mp-569626,MgCl2_mp-569626.cif,MgCl2,True,No,True,mp-569626,MgCl2::sf-0002,1,0,
mp-570259,MgCl2_mp-570259.cif,MgCl2,False,Yes,True,mp-570259,MgCl2::sf-0003,1,0,
mp-570782,MgCl2_mp-570782.cif,MgCl2,True,No,True,mp-570782,MgCl2::sf-0004,1,0,
mp-570922,MgCl2_mp-570922.cif,MgCl2,True,No,True,mp-570922,MgCl2::sf-0005,1,0,
mp-571387,MgCl2_mp-571387.cif,MgCl2,True,No,True,mp-571387,MgCl2::sf-0006,1,0,
mp-1207313,MgCl6_mp-1207313.cif,MgCl6,True,No,True,mp-1207313,MgCl6::sf-0001,1,0,
mp-1062842,MgF2_mp-1062842.cif,MgF2,True,No,True,mp-1062842,MgF2::sf-0001,1,0,
mp-1072956,MgF2_mp-1072956.cif,MgF2,False,Yes,False,mp-1249,MgF2::sf-0002,2,1,mp-1249
mp-1102433,MgF2_mp-1102433.cif,MgF2,True,No,True,mp-1102433,MgF2::sf-0003,1,0,
mp-1180279,MgF2_mp-1180279.cif,MgF2,True,No,True,mp-1180279,MgF2::sf-0004,2,1,mp-560236
mp-1249,MgF2_mp-1249.cif,MgF2,False,Yes,True,mp-1249,MgF2::sf-0002,2,1,mp-1072956
mp-1746,MgF2_mp-1746.cif,MgF2,False,Yes,True,mp-1746,MgF2::sf-0005,1,0,
mp-560236,MgF2_mp-560236.cif,MgF2,True,No,False,mp-1180279,MgF2::sf-0004,2,1,mp-1180279
mp-1185862,MgF3_mp-1185862.cif,MgF3,True,No,True,mp-1185862,MgF3::sf-0001,1,0,
mp-23205,MgI2_mp-23205.cif,MgI2,False,Yes,True,mp-23205,MgI2::sf-0001,1,0,
mp-1185906,MgI3_mp-1185906.cif,MgI3,True,No,True,mp-1185906,MgI3::sf-0001,1,0,
mp-753169,Mn2F5_mp-753169.cif,Mn2F5,True,No,True,mp-753169,Mn2F5::sf-0001,1,0,
mp-753215,Mn2F5_mp-753215.cif,Mn2F5,True,No,True,mp-753215,Mn2F5::sf-0002,1,0,
mp-753435,Mn2F7_mp-753435.cif,Mn2F7,True,No,True,mp-753435,Mn2F7::sf-0001,1,0,
mp-757058,Mn2F7_mp-757058.cif,Mn2F7,True,No,True,mp-757058,Mn2F7::sf-0002,1,0,
mp-759987,Mn2F7_mp-759987.cif,Mn2F7,True,No,True,mp-759987,Mn2F7::sf-0003,1,0,
mp-760309,Mn2F7_mp-760309.cif,Mn2F7,True,No,True,mp-760309,Mn2F7::sf-0004,1,0,
mp-1185951,Mn3Br_mp-1185951.cif,Mn3Br,True,No,True,mp-1185951,Mn3Br::sf-0001,1,0,
mp-753434,Mn3F10_mp-753434.cif,Mn3F10,True,No,True,mp-753434,Mn3F10::sf-0001,1,0,
mp-752616,Mn3F8_mp-752616.cif,Mn3F8,True,No,True,mp-752616,Mn3F8::sf-0001,1,0,
mp-1185925,Mn3I_mp-1185925.cif,Mn3I,True,No,True,mp-1185925,Mn3I::sf-0001,1,0,
mp-867575,Mn7F16_mp-867575.cif,Mn7F16,True,No,True,mp-867575,Mn7F16::sf-0001,1,0,
mp-753607,Mn7F18_mp-753607.cif,Mn7F18,True,No,True,mp-753607,Mn7F18::sf-0001,1,0,
mp-28306,MnBr2_mp-28306.cif,MnBr2,False,Yes,True,mp-28306,MnBr2::sf-0001,1,0,
mp-569843,MnBr2_mp-569843.cif,MnBr2,False,Yes,True,mp-569843,MnBr2::sf-0002,1,0,
mp-571084,MnBr2_mp-571084.cif,MnBr2,False,Yes,True,mp-571084,MnBr2::sf-0003,1,0,
mp-28233,MnCl2_mp-28233.cif,MnCl2,False,Yes,True,mp-28233,MnCl2::sf-0001,1,0,
mp-2012783,MnF2_mp-2012783.cif,MnF2,True,No,True,mp-2012783,MnF2::sf-0001,2,1,mp-615138
mp-556585,MnF2_mp-556585.cif,MnF2,False,Yes,True,mp-556585,MnF2::sf-0002,1,0,
mp-560902,MnF2_mp-560902.cif,MnF2,False,Yes,True,mp-560902,MnF2::sf-0003,1,0,
mp-615138,MnF2_mp-615138.cif,MnF2,False,Yes,False,mp-2012783,MnF2::sf-0001,2,1,mp-2012783
mp-1176433,MnF3_mp-1176433.cif,MnF3,True,No,False,mp-757186,MnF3::sf-0001,2,1,mp-757186
mp-1176437,MnF3_mp-1176437.cif,MnF3,True,No,False,mp-2034494,MnF3::sf-0002,5,4,mp-1176438;mp-2034494;mp-753295;mp-764949
mp-1176438,MnF3_mp-1176438.cif,MnF3,True,No,False,mp-2034494,MnF3::sf-0002,5,4,mp-1176437;mp-2034494;mp-753295;mp-764949
mp-2011351,MnF3_mp-2011351.cif,MnF3,True,No,True,mp-2011351,MnF3::sf-0003,3,2,mp-765633;mp-766789
mp-2034494,MnF3_mp-2034494.cif,MnF3,True,No,True,mp-2034494,MnF3::sf-0002,5,4,mp-1176437;mp-1176438;mp-753295;mp-764949
mp-541384,MnF3_mp-541384.cif,MnF3,True,No,False,mp-556560,MnF3::sf-0004,2,1,mp-556560
mp-556560,MnF3_mp-556560.cif,MnF3,False,Yes,True,mp-556560,MnF3::sf-0004,2,1,mp-541384
mp-753295,MnF3_mp-753295.cif,MnF3,True,No,False,mp-2034494,MnF3::sf-0002,5,4,mp-1176437;mp-1176438;mp-2034494;mp-764949
mp-757186,MnF3_mp-757186.cif,MnF3,True,No,True,mp-757186,MnF3::sf-0001,2,1,mp-1176433
mp-758601,MnF3_mp-758601.cif,MnF3,True,No,True,mp-758601,MnF3::sf-0005,1,0,
mp-759525,MnF3_mp-759525.cif,MnF3,True,No,True,mp-759525,MnF3::sf-0006,1,0,
mp-764949,MnF3_mp-764949.cif,MnF3,True,No,False,mp-2034494,MnF3::sf-0002,5,4,mp-1176437;mp-1176438;mp-2034494;mp-753295
mp-765633,MnF3_mp-765633.cif,MnF3,True,No,False,mp-2011351,MnF3::sf-0003,3,2,mp-2011351;mp-766789
mp-766789,MnF3_mp-766789.cif,MnF3,True,No,False,mp-2011351,MnF3::sf-0003,3,2,mp-2011351;mp-765633
mp-1221693,MnF4_mp-1221693.cif,MnF4,True,No,True,mp-1221693,MnF4::sf-0001,1,0,
mp-1385977,MnF4_mp-1385977.cif,MnF4,True,No,True,mp-1385977,MnF4::sf-0002,1,0,
mp-541103,MnF4_mp-541103.cif,MnF4,False,Yes,True,mp-541103,MnF4::sf-0003,1,0,
mp-705480,MnF4_mp-705480.cif,MnF4,True,No,True,mp-705480,MnF4::sf-0004,1,0,
mp-753574,MnF4_mp-753574.cif,MnF4,True,No,True,mp-753574,MnF4::sf-0005,1,0,
mp-759343,MnF4_mp-759343.cif,MnF4,True,No,True,mp-759343,MnF4::sf-0006,1,0,
mp-28013,MnI2_mp-28013.cif,MnI2,False,Yes,True,mp-28013,MnI2::sf-0001,1,0,
mp-975905,Mo3I_mp-975905.cif,Mo3I,True,No,True,mp-975905,Mo3I::sf-0001,1,0,
mp-29555,MoBr2_mp-29555.cif,MoBr2,False,Yes,True,mp-29555,MoBr2::sf-0001,1,0,
mp-1205355,MoBr3_mp-1205355.cif,MoBr3,False,Yes,False,mp-23312,MoBr3::sf-0001,2,1,mp-23312
mp-23312,MoBr3_mp-23312.cif,MoBr3,True,No,True,mp-23312,MoBr3::sf-0001,2,1,mp-1205355
mp-620029,MoCl2_mp-620029.cif,MoCl2,False,Yes,True,mp-620029,MoCl2::sf-0001,1,0,
mp-1221495,MoCl3_mp-1221495.cif,MoCl3,True,No,True,mp-1221495,MoCl3::sf-0001,1,0,
mp-22853,MoCl3_mp-22853.cif,MoCl3,False,Yes,True,mp-22853,MoCl3::sf-0002,2,1,mp-568394
mp-568394,MoCl3_mp-568394.cif,MoCl3,True,No,False,mp-22853,MoCl3::sf-0002,2,1,mp-22853
mp-684640,MoCl3_mp-684640.cif,MoCl3,True,No,True,mp-684640,MoCl3::sf-0003,1,0,
mp-1221517,MoCl4_mp-1221517.cif,MoCl4,True,No,True,mp-1221517,MoCl4::sf-0001,1,0,
mp-32625,MoCl4_mp-32625.cif,MoCl4,True,No,True,mp-32625,MoCl4::sf-0002,1,0,
mp-569005,MoCl4_mp-569005.cif,MoCl4,False,Yes,True,mp-569005,MoCl4::sf-0003,1,0,
mp-1427168,MoCl5_mp-1427168.cif,MoCl5,True,No,True,mp-1427168,MoCl5::sf-0001,1,0,
mp-29147,MoCl5_mp-29147.cif,MoCl5,False,Yes,True,mp-29147,MoCl5::sf-0002,1,0,
mp-569436,MoCl5_mp-569436.cif,MoCl5,False,Yes,True,mp-569436,MoCl5::sf-0003,1,0,
mp-569855,MoCl5_mp-569855.cif,MoCl5,False,Yes,True,mp-569855,MoCl5::sf-0004,1,0,
mp-571256,MoCl5_mp-571256.cif,MoCl5,False,Yes,True,mp-571256,MoCl5::sf-0005,1,0,
mp-1221436,MoCl6_mp-1221436.cif,MoCl6,True,No,True,mp-1221436,MoCl6::sf-0001,1,0,
mp-1221487,MoCl6_mp-1221487.cif,MoCl6,True,No,True,mp-1221487,MoCl6::sf-0002,1,0,
mp-554201,MoF3_mp-554201.cif,MoF3,False,Yes,True,mp-554201,MoF3::sf-0001,1,0,
mp-557539,MoF3_mp-557539.cif,MoF3,False,Yes,True,mp-557539,MoF3::sf-0002,1,0,
mp-1395134,MoF4_mp-1395134.cif,MoF4,True,No,True,mp-1395134,MoF4::sf-0001,1,0,
mp-2041583,MoF4_mp-2041583.cif,MoF4,True,No,True,mp-2041583,MoF4::sf-0002,1,0,
mp-1047607,MoF5_mp-1047607.cif,MoF5,True,No,True,mp-1047607,MoF5::sf-0001,1,0,
mp-1379489,MoF5_mp-1379489.cif,MoF5,True,No,True,mp-1379489,MoF5::sf-0002,1,0,
mp-1406655,MoF5_mp-1406655.cif,MoF5,True,No,True,mp-1406655,MoF5::sf-0003,1,0,
mp-1445885,MoF5_mp-1445885.cif,MoF5,True,No,True,mp-1445885,MoF5::sf-0004,1,0,
mp-504759,MoF5_mp-504759.cif,MoF5,False,Yes,True,mp-504759,MoF5::sf-0005,1,0,
mp-557259,MoF6_mp-557259.cif,MoF6,False,Yes,True,mp-557259,MoF6::sf-0001,1,0,
mp-558836,MoF6_mp-558836.cif,MoF6,False,Yes,True,mp-558836,MoF6::sf-0002,1,0,
mp-1198690,MoI2_mp-1198690.cif,MoI2,False,Yes,True,mp-1198690,MoI2::sf-0001,1,0,
mp-864733,MoI3_mp-864733.cif,MoI3,True,No,True,mp-864733,MoI3::sf-0001,1,0,
mp-695743,N2Cl_mp-695743.cif,N2Cl,True,No,True,mp-695743,N2Cl::sf-0001,1,0,
mp-1210764,N2F_mp-1210764.cif,N2F,True,No,True,mp-1210764,N2F::sf-0001,1,0,
mp-1095181,N3Cl_mp-1095181.cif,N3Cl,False,Yes,True,mp-1095181,N3Cl::sf-0001,1,0,
mp-1188944,N4Cl_mp-1188944.cif,N4Cl,True,No,True,mp-1188944,N4Cl::sf-0001,1,0,
mp-726151,N4Cl_mp-726151.cif,N4Cl,True,No,True,mp-726151,N4Cl::sf-0002,1,0,
mp-540572,NCl3_mp-540572.cif,NCl3,False,Yes,True,mp-540572,NCl3::sf-0001,1,0,
mp-1057084,NCl_mp-1057084.cif,NCl,False,Yes,True,mp-1057084,NCl::sf-0001,1,0,
mp-1058151,NCl_mp-1058151.cif,NCl,False,Yes,True,mp-1058151,NCl::sf-0002,1,0,
mp-2019727,NF2_mp-2019727.cif,NF2,True,No,True,mp-2019727,NF2::sf-0001,1,0,
mp-726118,NF2_mp-726118.cif,NF2,True,No,True,mp-726118,NF2::sf-0002,1,0,
mp-723203,NF_mp-723203.cif,NF,False,Yes,True,mp-723203,NF::sf-0001,1,0,
mp-726658,NF_mp-726658.cif,NF,True,No,True,mp-726658,NF::sf-0002,1,0,
mp-1018810,Na2Cl_mp-1018810.cif,Na2Cl,True,No,True,mp-1018810,Na2Cl::sf-0001,1,0,
mp-1077015,Na2Cl_mp-1077015.cif,Na2Cl,True,No,True,mp-1077015,Na2Cl::sf-0002,1,0,
mp-1077288,Na2Cl_mp-1077288.cif,Na2Cl,True,No,True,mp-1077288,Na2Cl::sf-0003,1,0,
mp-990084,Na2Cl_mp-990084.cif,Na2Cl,True,No,True,mp-990084,Na2Cl::sf-0004,1,0,
mp-1069676,Na3Cl2_mp-1069676.cif,Na3Cl2,True,No,True,mp-1069676,Na3Cl2::sf-0001,1,0,
mp-1095060,Na3Cl2_mp-1095060.cif,Na3Cl2,True,No,True,mp-1095060,Na3Cl2::sf-0002,1,0,
mp-1064484,Na3Cl_mp-1064484.cif,Na3Cl,True,No,True,mp-1064484,Na3Cl::sf-0001,1,0,
mp-22916,NaBr_mp-22916.cif,NaBr,False,Yes,True,mp-22916,NaBr::sf-0001,1,0,
mp-1078558,NaCl3_mp-1078558.cif,NaCl3,False,Yes,True,mp-1078558,NaCl3::sf-0001,1,0,
mp-1189265,NaCl3_mp-1189265.cif,NaCl3,True,No,True,mp-1189265,NaCl3::sf-0002,1,0,
mp-1080771,NaCl7_mp-1080771.cif,NaCl7,True,No,True,mp-1080771,NaCl7::sf-0001,1,0,
mp-1120767,NaCl_mp-1120767.cif,NaCl,True,No,True,mp-1120767,NaCl::sf-0001,1,0,
mp-22851,NaCl_mp-22851.cif,NaCl,False,Yes,True,mp-22851,NaCl::sf-0002,1,0,
mp-22862,NaCl_mp-22862.cif,NaCl,False,Yes,True,mp-22862,NaCl::sf-0003,1,0,
mp-976404,NaF3_mp-976404.cif,NaF3,True,No,True,mp-976404,NaF3::sf-0001,1,0,
mp-682,NaF_mp-682.cif,NaF,False,Yes,True,mp-682,NaF::sf-0001,1,0,
mp-1246268,NaI_mp-1246268.cif,NaI,True,No,True,mp-1246268,NaI::sf-0001,1,0,
mp-23268,NaI_mp-23268.cif,NaI,False,Yes,True,mp-23268,NaI::sf-0002,1,0,
mp-723629,NaI_mp-723629.cif,NaI,False,Yes,True,mp-723629,NaI::sf-0003,1,0,
mp-568616,Nb2Br5_mp-568616.cif,Nb2Br5,True,No,True,mp-568616,Nb2Br5::sf-0001,1,0,
mp-655086,Nb2Br5_mp-655086.cif,Nb2Br5,True,No,True,mp-655086,Nb2Br5::sf-0002,1,0,
mp-466,Nb2F5_mp-466.cif,Nb2F5,False,Yes,True,mp-466,Nb2F5::sf-0001,1,0,
mp-27771,Nb3Br8_mp-27771.cif,Nb3Br8,False,Yes,True,mp-27771,Nb3Br8::sf-0001,1,0,
mp-27880,Nb3Cl7_mp-27880.cif,Nb3Cl7,False,Yes,True,mp-27880,Nb3Cl7::sf-0001,1,0,
mp-29950,Nb3Cl8_mp-29950.cif,Nb3Cl8,False,Yes,True,mp-29950,Nb3Cl8::sf-0001,1,0,
mp-27772,Nb3I8_mp-27772.cif,Nb3I8,False,Yes,True,mp-27772,Nb3I8::sf-0001,1,0,
mp-1186215,Nb3I_mp-1186215.cif,Nb3I,True,No,True,mp-1186215,Nb3I::sf-0001,1,0,
mp-1196526,Nb6I11_mp-1196526.cif,Nb6I11,False,Yes,True,mp-1196526,Nb6I11::sf-0001,2,1,mp-23226
mp-23226,Nb6I11_mp-23226.cif,Nb6I11,False,Yes,False,mp-1196526,Nb6I11::sf-0001,2,1,mp-1196526
mp-1080428,NbBr4_mp-1080428.cif,NbBr4,False,Yes,True,mp-1080428,NbBr4::sf-0001,1,0,
mp-28601,NbBr5_mp-28601.cif,NbBr5,False,Yes,True,mp-28601,NbBr5::sf-0001,1,0,
mp-568245,NbBr5_mp-568245.cif,NbBr5,False,Yes,True,mp-568245,NbBr5::sf-0002,1,0,
mp-662752,NbBr5_mp-662752.cif,NbBr5,True,No,True,mp-662752,NbBr5::sf-0003,1,0,
mp-31040,NbCl4_mp-31040.cif,NbCl4,False,Yes,True,mp-31040,NbCl4::sf-0001,1,0,
mp-23307,NbCl5_mp-23307.cif,NbCl5,False,Yes,True,mp-23307,NbCl5::sf-0001,1,0,
mp-568483,NbCl5_mp-568483.cif,NbCl5,False,Yes,True,mp-568483,NbCl5::sf-0002,1,0,
mp-1795,NbF3_mp-1795.cif,NbF3,False,Yes,True,mp-1795,NbF3::sf-0001,1,0,
mp-1416,NbF4_mp-1416.cif,NbF4,False,Yes,True,mp-1416,NbF4::sf-0001,1,0,
mp-1186248,NbF5_mp-1186248.cif,NbF5,True,No,True,mp-1186248,NbF5::sf-0001,1,0,
mp-18687,NbF5_mp-18687.cif,NbF5,False,Yes,True,mp-18687,NbF5::sf-0002,1,0,
mp-570722,NbI3_mp-570722.cif,NbI3,False,Yes,True,mp-570722,NbI3::sf-0001,1,0,
mp-570044,NbI4_mp-570044.cif,NbI4,False,Yes,True,mp-570044,NbI4::sf-0001,1,0,
mp-31487,NbI5_mp-31487.cif,NbI5,False,Yes,True,mp-31487,NbI5::sf-0001,1,0,
mp-569578,NbI5_mp-569578.cif,NbI5,False,Yes,True,mp-569578,NbI5::sf-0002,1,0,
mp-661308,NbI5_mp-661308.cif,NbI5,True,No,True,mp-661308,NbI5::sf-0003,1,0,
mp-1221177,Nd14Cl33_mp-1221177.cif,Nd14Cl33,True,No,True,mp-1221177,Nd14Cl33::sf-0001,1,0,
mp-1186259,Nd3Br_mp-1186259.cif,Nd3Br,True,No,True,mp-1186259,Nd3Br::sf-0001,1,0,
mp-1186264,Nd3Br_mp-1186264.cif,Nd3Br,True,No,True,mp-1186264,Nd3Br::sf-0002,1,0,
mp-1186268,Nd3Cl_mp-1186268.cif,Nd3Cl,True,No,True,mp-1186268,Nd3Cl::sf-0001,1,0,
mp-1186273,Nd3I_mp-1186273.cif,Nd3I,True,No,True,mp-1186273,Nd3I::sf-0001,1,0,
mp-976581,Nd3I_mp-976581.cif,Nd3I,True,No,True,mp-976581,Nd3I::sf-0002,1,0,
mp-570534,Nd4Br9_mp-570534.cif,Nd4Br9,False,Yes,True,mp-570534,Nd4Br9::sf-0001,1,0,
mp-531687,Nd6F17_mp-531687.cif,Nd6F17,True,No,True,mp-531687,Nd6F17::sf-0001,1,0,
mp-1210109,NdBr2_mp-1210109.cif,NdBr2,True,No,True,mp-1210109,NdBr2::sf-0001,1,0,
mp-27975,NdBr3_mp-27975.cif,NdBr3,False,Yes,True,mp-27975,NdBr3::sf-0001,1,0,
mp-28313,NdCl2_mp-28313.cif,NdCl2,False,Yes,True,mp-28313,NdCl2::sf-0001,1,0,
mp-973953,NdCl2_mp-973953.cif,NdCl2,True,No,True,mp-973953,NdCl2::sf-0002,1,0,
mp-23183,NdCl3_mp-23183.cif,NdCl3,False,Yes,True,mp-23183,NdCl3::sf-0001,1,0,
mp-1191157,NdF3_mp-1191157.cif,NdF3,False,Yes,True,mp-1191157,NdF3::sf-0001,2,1,mp-18074
mp-18074,NdF3_mp-18074.cif,NdF3,True,No,False,mp-1191157,NdF3::sf-0001,2,1,mp-1191157
mp-18511,NdF3_mp-18511.cif,NdF3,False,Yes,True,mp-18511,NdF3::sf-0002,1,0,
mp-254,NdF3_mp-254.cif,NdF3,False,Yes,True,mp-254,NdF3::sf-0003,1,0,
mp-28753,NdI2_mp-28753.cif,NdI2,False,Yes,True,mp-28753,NdI2::sf-0001,1,0,
mp-864617,NdI3_mp-864617.cif,NdI3,True,No,True,mp-864617,NdI3::sf-0001,1,0,
mp-1094137,Ni15Cl16_mp-1094137.cif,Ni15Cl16,True,No,True,mp-1094137,Ni15Cl16::sf-0001,1,0,
mp-1096769,Ni3Cl4_mp-1096769.cif,Ni3Cl4,True,No,True,mp-1096769,Ni3Cl4::sf-0001,1,0,
mp-1096770,Ni3Cl4_mp-1096770.cif,Ni3Cl4,True,No,True,mp-1096770,Ni3Cl4::sf-0002,1,0,
mp-973896,Ni3I_mp-973896.cif,Ni3I,True,No,True,mp-973896,Ni3I::sf-0001,1,0,
mp-1094110,Ni5Cl6_mp-1094110.cif,Ni5Cl6,True,No,True,mp-1094110,Ni5Cl6::sf-0001,1,0,
mp-1022720,Ni6Cl7_mp-1022720.cif,Ni6Cl7,True,No,True,mp-1022720,Ni6Cl7::sf-0001,1,0,
mp-1173456,NiBr2_mp-1173456.cif,NiBr2,True,No,True,mp-1173456,NiBr2::sf-0001,1,0,
mp-27637,NiBr2_mp-27637.cif,NiBr2,False,Yes,True,mp-27637,NiBr2::sf-0002,1,0,
mp-27396,NiCl2_mp-27396.cif,NiCl2,False,Yes,True,mp-27396,NiCl2::sf-0001,1,0,
mp-1207348,NiCl6_mp-1207348.cif,NiCl6,True,No,True,mp-1207348,NiCl6::sf-0001,1,0,
mp-1021674,NiCl_mp-1021674.cif,NiCl,True,No,True,mp-1021674,NiCl::sf-0001,1,0,
mp-1186339,NiCl_mp-1186339.cif,NiCl,True,No,True,mp-1186339,NiCl::sf-0002,1,0,
mp-556324,NiF2_mp-556324.cif,NiF2,False,Yes,False,mp-559798,NiF2::sf-0001,2,1,mp-559798
mp-559798,NiF2_mp-559798.cif,NiF2,False,Yes,True,mp-559798,NiF2::sf-0001,2,1,mp-556324
mp-1180654,NiF3_mp-1180654.cif,NiF3,True,No,True,mp-1180654,NiF3::sf-0001,1,0,
mp-561428,NiF3_mp-561428.cif,NiF3,True,No,False,mp-614777,NiF3::sf-0002,2,1,mp-614777
mp-614777,NiF3_mp-614777.cif,NiF3,False,Yes,True,mp-614777,NiF3::sf-0002,2,1,mp-561428
mp-1406123,NiF4_mp-1406123.cif,NiF4,True,No,True,mp-1406123,NiF4::sf-0001,1,0,
mp-27638,NiI2_mp-27638.cif,NiI2,False,Yes,True,mp-27638,NiI2::sf-0001,1,0,
mp-973936,NiI_mp-973936.cif,NiI,True,No,True,mp-973936,NiI::sf-0001,1,0,
mp-23166,NpBr3_mp-23166.cif,NpBr3,False,Yes,True,mp-23166,NpBr3::sf-0001,1,0,
mp-567519,NpBr3_mp-567519.cif,NpBr3,False,Yes,True,mp-567519,NpBr3::sf-0002,1,0,
mp-23278,NpCl3_mp-23278.cif,NpCl3,False,Yes,True,mp-23278,NpCl3::sf-0001,1,0,
mp-1544973,NpCl4_mp-1544973.cif,NpCl4,True,No,False,mp-2752817,NpCl4::sf-0001,4,3,mp-23161;mp-2752817;mp-2757566
mp-23161,NpCl4_mp-23161.cif,NpCl4,False,Yes,False,mp-2752817,NpCl4::sf-0001,4,3,mp-1544973;mp-2752817;mp-2757566
mp-2752817,NpCl4_mp-2752817.cif,NpCl4,True,No,True,mp-2752817,NpCl4::sf-0001,4,3,mp-1544973;mp-23161;mp-2757566
mp-2757566,NpCl4_mp-2757566.cif,NpCl4,True,No,False,mp-2752817,NpCl4::sf-0001,4,3,mp-1544973;mp-23161;mp-2752817
mp-14107,NpF3_mp-14107.cif,NpF3,False,Yes,True,mp-14107,NpF3::sf-0001,1,0,
mp-504787,NpF4_mp-504787.cif,NpF4,False,Yes,True,mp-504787,NpF4::sf-0001,1,0,
mp-1024969,NpF5_mp-1024969.cif,NpF5,True,No,True,mp-1024969,NpF5::sf-0001,1,0,
mp-1209816,NpF6_mp-1209816.cif,NpF6,True,No,True,mp-1209816,NpF6::sf-0001,1,0,
mp-504781,NpI3_mp-504781.cif,NpI3,False,Yes,True,mp-504781,NpI3::sf-0001,1,0,
mp-1095223,OF2_mp-1095223.cif,OF2,False,Yes,True,mp-1095223,OF2::sf-0001,1,0,
mp-974002,OF3_mp-974002.cif,OF3,True,No,True,mp-974002,OF3::sf-0001,1,0,
mp-1238792,OF_mp-1238792.cif,OF,True,No,True,mp-1238792,OF::sf-0001,1,0,
mp-1186356,Os3Cl_mp-1186356.cif,Os3Cl,True,No,True,mp-1186356,Os3Cl::sf-0001,1,0,
mp-1186354,Os3F_mp-1186354.cif,Os3F,True,No,True,mp-1186354,Os3F::sf-0001,1,0,
mp-28301,OsBr4_mp-28301.cif,OsBr4,False,Yes,True,mp-28301,OsBr4::sf-0001,1,0,
mp-571035,OsCl4_mp-571035.cif,OsCl4,False,Yes,True,mp-571035,OsCl4::sf-0001,1,0,
mp-540830,OsF5_mp-540830.cif,OsF5,False,Yes,True,mp-540830,OsF5::sf-0001,1,0,
mp-22626,OsF6_mp-22626.cif,OsF6,False,Yes,True,mp-22626,OsF6::sf-0001,1,0,
mp-1209830,PBr2_mp-1209830.cif,PBr2,True,No,True,mp-1209830,PBr2::sf-0001,1,0,
mp-27257,PBr3_mp-27257.cif,PBr3,False,Yes,True,mp-27257,PBr3::sf-0001,1,0,
mp-22874,PBr5_mp-22874.cif,PBr5,False,Yes,True,mp-22874,PBr5::sf-0001,1,0,
mp-647343,PBr7_mp-647343.cif,PBr7,False,Yes,True,mp-647343,PBr7::sf-0001,1,0,
mp-1064459,PBr_mp-1064459.cif,PBr,True,No,True,mp-1064459,PBr::sf-0001,1,0,
mp-1179985,PBr_mp-1179985.cif,PBr,True,No,True,mp-1179985,PBr::sf-0002,1,0,
mp-23230,PCl3_mp-23230.cif,PCl3,False,Yes,True,mp-23230,PCl3::sf-0001,1,0,
mp-23228,PCl5_mp-23228.cif,PCl5,False,Yes,True,mp-23228,PCl5::sf-0001,1,0,
mp-569410,PCl5_mp-569410.cif,PCl5,False,Yes,True,mp-569410,PCl5::sf-0002,1,0,
mp-8511,PF5_mp-8511.cif,PF5,False,Yes,True,mp-8511,PF5::sf-0001,1,0,
mp-29443,PI2_mp-29443.cif,PI2,False,Yes,True,mp-29443,PI2::sf-0001,1,0,
mp-27529,PI3_mp-27529.cif,PI3,False,Yes,True,mp-27529,PI3::sf-0001,1,0,
mp-1186382,Pa3Br_mp-1186382.cif,Pa3Br,True,No,True,mp-1186382,Pa3Br::sf-0001,1,0,
mp-27474,PaBr4_mp-27474.cif,PaBr4,False,Yes,True,mp-27474,PaBr4::sf-0001,1,0,
mp-27642,PaBr5_mp-27642.cif,PaBr5,False,Yes,True,mp-27642,PaBr5::sf-0001,1,0,
mp-27291,PaCl4_mp-27291.cif,PaCl4,False,Yes,True,mp-27291,PaCl4::sf-0001,1,0,
mp-27436,PaCl5_mp-27436.cif,PaCl5,False,Yes,True,mp-27436,PaCl5::sf-0001,1,0,
mp-862851,PaI3_mp-862851.cif,PaI3,True,No,True,mp-862851,PaI3::sf-0001,1,0,
mp-1173571,Pb5F8_mp-1173571.cif,Pb5F8,True,No,True,mp-1173571,Pb5F8::sf-0001,1,0,
mp-2456335,PbBr2_mp-2456335.cif,PbBr2,True,No,True,mp-2456335,PbBr2::sf-0001,1,0,
mp-28077,PbBr2_mp-28077.cif,PbBr2,False,Yes,True,mp-28077,PbBr2::sf-0002,1,0,
mp-862868,PbBr2_mp-862868.cif,PbBr2,True,No,True,mp-862868,PbBr2::sf-0003,1,0,
mp-2035237,PbCl2_mp-2035237.cif,PbCl2,True,No,True,mp-2035237,PbCl2::sf-0001,1,0,
mp-23291,PbCl2_mp-23291.cif,PbCl2,False,Yes,True,mp-23291,PbCl2::sf-0002,1,0,
mp-619071,PbCl2_mp-619071.cif,PbCl2,False,Yes,True,mp-619071,PbCl2::sf-0003,1,0,
mp-862871,PbCl2_mp-862871.cif,PbCl2,True,No,True,mp-862871,PbCl2::sf-0004,1,0,
mp-570355,PbCl4_mp-570355.cif,PbCl4,False,Yes,True,mp-570355,PbCl4::sf-0001,1,0,
mp-2511,PbF2_mp-2511.cif,PbF2,False,Yes,True,mp-2511,PbF2::sf-0001,1,0,
mp-315,PbF2_mp-315.cif,PbF2,False,Yes,True,mp-315,PbF2::sf-0002,2,1,mp-685150
mp-685150,PbF2_mp-685150.cif,PbF2,True,No,False,mp-315,PbF2::sf-0002,2,1,mp-315
mp-20652,PbF3_mp-20652.cif,PbF3,True,No,True,mp-20652,PbF3::sf-0001,1,0,
mp-341,PbF4_mp-341.cif,PbF4,False,Yes,True,mp-341,PbF4::sf-0001,1,0,
mp-1203179,PbI2_mp-1203179.cif,PbI2,False,Yes,True,mp-1203179,PbI2::sf-0001,1,0,
mp-22883,PbI2_mp-22883.cif,PbI2,False,Yes,True,mp-22883,PbI2::sf-0002,1,0,
mp-22893,PbI2_mp-22893.cif,PbI2,False,Yes,True,mp-22893,PbI2::sf-0003,1,0,
mp-540789,PbI2_mp-540789.cif,PbI2,False,Yes,True,mp-540789,PbI2::sf-0004,1,0,
mp-567178,PbI2_mp-567178.cif,PbI2,False,Yes,True,mp-567178,PbI2::sf-0005,1,0,
mp-567199,PbI2_mp-567199.cif,PbI2,False,Yes,True,mp-567199,PbI2::sf-0006,1,0,
mp-567246,PbI2_mp-567246.cif,PbI2,False,Yes,True,mp-567246,PbI2::sf-0007,1,0,
mp-567503,PbI2_mp-567503.cif,PbI2,False,Yes,True,mp-567503,PbI2::sf-0008,1,0,
mp-567542,PbI2_mp-567542.cif,PbI2,False,Yes,True,mp-567542,PbI2::sf-0009,1,0,
mp-569595,PbI2_mp-569595.cif,PbI2,False,Yes,True,mp-569595,PbI2::sf-0010,1,0,
mp-574189,PbI2_mp-574189.cif,PbI2,True,No,True,mp-574189,PbI2::sf-0011,1,0,
mp-580202,PbI2_mp-580202.cif,PbI2,False,Yes,True,mp-580202,PbI2::sf-0012,1,0,
mp-640058,PbI2_mp-640058.cif,PbI2,True,No,True,mp-640058,PbI2::sf-0013,1,0,
mp-672671,PbI2_mp-672671.cif,PbI2,True,No,True,mp-672671,PbI2::sf-0014,1,0,
mp-680205,PbI2_mp-680205.cif,PbI2,False,Yes,True,mp-680205,PbI2::sf-0015,1,0,
mp-1207336,PbI6_mp-1207336.cif,PbI6,True,No,True,mp-1207336,PbI6::sf-0001,1,0,
mp-1186424,Pd3F_mp-1186424.cif,Pd3F,True,No,True,mp-1186424,Pd3F::sf-0001,1,0,
mp-1186445,Pd3I_mp-1186445.cif,Pd3I,True,No,True,mp-1186445,Pd3I::sf-0001,1,0,
mp-27857,PdBr2_mp-27857.cif,PdBr2,False,Yes,True,mp-27857,PdBr2::sf-0001,1,0,
mp-1018888,PdCl2_mp-1018888.cif,PdCl2,False,Yes,True,mp-1018888,PdCl2::sf-0001,2,1,mp-569008
mp-1018891,PdCl2_mp-1018891.cif,PdCl2,False,Yes,True,mp-1018891,PdCl2::sf-0002,1,0,
mp-1180041,PdCl2_mp-1180041.cif,PdCl2,True,No,True,mp-1180041,PdCl2::sf-0003,1,0,
mp-29487,PdCl2_mp-29487.cif,PdCl2,False,Yes,True,mp-29487,PdCl2::sf-0004,1,0,
mp-569008,PdCl2_mp-569008.cif,PdCl2,False,Yes,False,mp-1018888,PdCl2::sf-0001,2,1,mp-1018888
mp-1058,PdF2_mp-1058.cif,PdF2,False,Yes,True,mp-1058,PdF2::sf-0001,1,0,
mp-20284,PdF2_mp-20284.cif,PdF2,False,Yes,True,mp-20284,PdF2::sf-0002,1,0,
mp-1179948,PdF3_mp-1179948.cif,PdF3,True,No,True,mp-1179948,PdF3::sf-0001,1,0,
mp-13679,PdF3_mp-13679.cif,PdF3,False,Yes,False,mp-1524446,PdF3::sf-0002,2,1,mp-1524446
mp-14112,PdF3_mp-14112.cif,PdF3,False,Yes,True,mp-14112,PdF3::sf-0003,1,0,
mp-1524446,PdF3_mp-1524446.cif,PdF3,True,No,True,mp-1524446,PdF3::sf-0002,2,1,mp-13679
mp-13868,PdF4_mp-13868.cif,PdF4,False,Yes,True,mp-13868,PdF4::sf-0001,2,1,mp-663300
mp-663300,PdF4_mp-663300.cif,PdF4,True,No,False,mp-13868,PdF4::sf-0001,2,1,mp-13868
mp-27747,PdI2_mp-27747.cif,PdI2,False,Yes,True,mp-27747,PdI2::sf-0001,1,0,
mp-569017,PdI2_mp-569017.cif,PdI2,False,Yes,True,mp-569017,PdI2::sf-0002,1,0,
mp-1186518,Pm3I_mp-1186518.cif,Pm3I,True,No,True,mp-1186518,Pm3I::sf-0001,1,0,
mp-976867,Pm3I_mp-976867.cif,Pm3I,True,No,True,mp-976867,Pm3I::sf-0002,1,0,
mp-1186558,PmBr2_mp-1186558.cif,PmBr2,True,No,True,mp-1186558,PmBr2::sf-0001,1,0,
mp-862986,PmBr3_mp-862986.cif,PmBr3,True,No,True,mp-862986,PmBr3::sf-0001,1,0,
mp-863657,PmCl2_mp-863657.cif,PmCl2,True,No,True,mp-863657,PmCl2::sf-0001,1,0,
mp-863658,PmCl3_mp-863658.cif,PmCl3,True,No,True,mp-863658,PmCl3::sf-0001,1,0,
mp-862901,PmF3_mp-862901.cif,PmF3,True,No,True,mp-862901,PmF3::sf-0001,1,0,
mp-863695,PmI3_mp-863695.cif,PmI3,True,No,True,mp-863695,PmI3::sf-0001,1,0,
mp-1186593,PmI_mp-1186593.cif,PmI,True,No,True,mp-1186593,PmI::sf-0001,1,0,
mp-23169,Pr2Br5_mp-23169.cif,Pr2Br5,False,Yes,True,mp-23169,Pr2Br5::sf-0001,1,0,
mp-22854,Pr2I5_mp-22854.cif,Pr2I5,False,Yes,True,mp-22854,Pr2I5::sf-0001,1,0,
mp-1186696,Pr3Br_mp-1186696.cif,Pr3Br,True,No,True,mp-1186696,Pr3Br::sf-0001,1,0,
mp-1186700,Pr3Br_mp-1186700.cif,Pr3Br,True,No,True,mp-1186700,Pr3Br::sf-0002,1,0,
mp-975601,Pr3Cl_mp-975601.cif,Pr3Cl,True,No,True,mp-975601,Pr3Cl::sf-0001,1,0,
mp-975592,Pr3I_mp-975592.cif,Pr3I,True,No,True,mp-975592,Pr3I::sf-0001,1,0,
mp-32644,Pr5Cl12_mp-32644.cif,Pr5Cl12,True,No,True,mp-32644,Pr5Cl12::sf-0001,1,0,
mp-23221,PrBr3_mp-23221.cif,PrBr3,False,Yes,True,mp-23221,PrBr3::sf-0001,1,0,
mp-23211,PrCl3_mp-23211.cif,PrCl3,False,Yes,True,mp-23211,PrCl3::sf-0001,1,0,
mp-1190767,PrF3_mp-1190767.cif,PrF3,False,Yes,False,mp-17906,PrF3::sf-0001,2,1,mp-17906
mp-17906,PrF3_mp-17906.cif,PrF3,True,No,True,mp-17906,PrF3::sf-0001,2,1,mp-1190767
mp-2651,PrF3_mp-2651.cif,PrF3,False,Yes,True,mp-2651,PrF3::sf-0002,1,0,
mp-569673,PrI2_mp-569673.cif,PrI2,False,Yes,True,mp-569673,PrI2::sf-0001,1,0,
mp-862800,PrI3_mp-862800.cif,PrI3,True,No,True,mp-862800,PrI3::sf-0001,1,0,
mp-1206823,PrI6_mp-1206823.cif,PrI6,True,No,True,mp-1206823,PrI6::sf-0001,1,0,
mp-1186783,Pt3Cl_mp-1186783.cif,Pt3Cl,True,No,True,mp-1186783,Pt3Cl::sf-0001,1,0,
mp-1100763,Pt3F_mp-1100763.cif,Pt3F,True,No,True,mp-1100763,Pt3F::sf-0001,1,0,
mp-28320,Pt3I8_mp-28320.cif,Pt3I8,False,Yes,True,mp-28320,Pt3I8::sf-0001,2,1,mp-704718
mp-704718,Pt3I8_mp-704718.cif,Pt3I8,True,No,False,mp-28320,Pt3I8::sf-0001,2,1,mp-28320
mp-23165,PtBr3_mp-23165.cif,PtBr3,False,Yes,True,mp-23165,PtBr3::sf-0001,1,0,
mp-1179938,PtCl2_mp-1179938.cif,PtCl2,True,No,True,mp-1179938,PtCl2::sf-0001,1,0,
mp-1219748,PtCl2_mp-1219748.cif,PtCl2,True,No,True,mp-1219748,PtCl2::sf-0002,1,0,
mp-23290,PtCl2_mp-23290.cif,PtCl2,False,Yes,True,mp-23290,PtCl2::sf-0003,1,0,
mp-567484,PtCl2_mp-567484.cif,PtCl2,False,Yes,True,mp-567484,PtCl2::sf-0004,1,0,
mp-684670,PtCl2_mp-684670.cif,PtCl2,True,No,True,mp-684670,PtCl2::sf-0005,1,0,
mp-31134,PtCl3_mp-31134.cif,PtCl3,False,Yes,True,mp-31134,PtCl3::sf-0001,1,0,
mp-680506,PtCl4_mp-680506.cif,PtCl4,False,Yes,True,mp-680506,PtCl4::sf-0001,1,0,
mp-660594,PtF4_mp-660594.cif,PtF4,True,No,False,mp-8943,PtF4::sf-0001,2,1,mp-8943
mp-8943,PtF4_mp-8943.cif,PtF4,False,Yes,True,mp-8943,PtF4::sf-0001,2,1,mp-660594
mp-541341,PtF5_mp-541341.cif,PtF5,False,Yes,True,mp-541341,PtF5::sf-0001,1,0,
mp-505319,PtF6_mp-505319.cif,PtF6,False,Yes,True,mp-505319,PtF6::sf-0001,1,0,
mp-28319,PtI2_mp-28319.cif,PtI2,False,Yes,True,mp-28319,PtI2::sf-0001,1,0,
mp-28268,PtI3_mp-28268.cif,PtI3,False,Yes,True,mp-28268,PtI3::sf-0001,1,0,
mp-669496,PtI4_mp-669496.cif,PtI4,False,Yes,True,mp-669496,PtI4::sf-0001,1,0,
mp-1186813,Pu3Br_mp-1186813.cif,Pu3Br,True,No,True,mp-1186813,Pu3Br::sf-0001,1,0,
mp-1186815,Pu3I_mp-1186815.cif,Pu3I,True,No,True,mp-1186815,Pu3I::sf-0001,1,0,
mp-1186821,Pu3I_mp-1186821.cif,Pu3I,True,No,True,mp-1186821,Pu3I::sf-0002,1,0,
mp-861727,PuBr2_mp-861727.cif,PuBr2,True,No,True,mp-861727,PuBr2::sf-0001,1,0,
mp-27974,PuBr3_mp-27974.cif,PuBr3,False,Yes,True,mp-27974,PuBr3::sf-0001,1,0,
mp-867358,PuCl2_mp-867358.cif,PuCl2,True,No,True,mp-867358,PuCl2::sf-0001,1,0,
mp-22918,PuCl3_mp-22918.cif,PuCl3,False,Yes,True,mp-22918,PuCl3::sf-0001,1,0,
mp-1186661,PuCl_mp-1186661.cif,PuCl,True,No,True,mp-1186661,PuCl::sf-0001,1,0,
mp-8033,PuF3_mp-8033.cif,PuF3,False,Yes,True,mp-8033,PuF3::sf-0001,1,0,
mp-1209625,PuF4_mp-1209625.cif,PuF4,True,No,True,mp-1209625,PuF4::sf-0001,1,0,
mp-2016901,PuI2_mp-2016901.cif,PuI2,True,No,False,mp-867500,PuI2::sf-0001,2,1,mp-867500
mp-867500,PuI2_mp-867500.cif,PuI2,True,No,True,mp-867500,PuI2::sf-0001,2,1,mp-2016901
mp-27978,PuI3_mp-27978.cif,PuI3,False,Yes,True,mp-27978,PuI3::sf-0001,1,0,
mp-975411,RbBr3_mp-975411.cif,RbBr3,True,No,True,mp-975411,RbBr3::sf-0001,1,0,
mp-22867,RbBr_mp-22867.cif,RbBr,False,Yes,True,mp-22867,RbBr::sf-0001,1,0,
mp-23303,RbBr_mp-23303.cif,RbBr,False,Yes,True,mp-23303,RbBr::sf-0002,1,0,
mp-23295,RbCl_mp-23295.cif,RbCl,False,Yes,True,mp-23295,RbCl::sf-0001,1,0,
mp-23299,RbCl_mp-23299.cif,RbCl,False,Yes,True,mp-23299,RbCl::sf-0002,1,0,
mp-863016,RbF2_mp-863016.cif,RbF2,True,No,True,mp-863016,RbF2::sf-0001,1,0,
mp-1179728,RbF3_mp-1179728.cif,RbF3,True,No,True,mp-1179728,RbF3::sf-0001,1,0,
mp-726170,RbF3_mp-726170.cif,RbF3,True,No,True,mp-726170,RbF3::sf-0002,1,0,
mp-975312,RbF3_mp-975312.cif,RbF3,True,No,True,mp-975312,RbF3::sf-0003,1,0,
mp-975337,RbF3_mp-975337.cif,RbF3,True,No,True,mp-975337,RbF3::sf-0004,1,0,
mp-975422,RbF3_mp-975422.cif,RbF3,True,No,True,mp-975422,RbF3::sf-0005,1,0,
mp-11718,RbF_mp-11718.cif,RbF,True,No,True,mp-11718,RbF::sf-0001,1,0,
mp-2064,RbF_mp-2064.cif,RbF,False,Yes,True,mp-2064,RbF::sf-0002,1,0,
mp-28328,RbI3_mp-28328.cif,RbI3,False,Yes,True,mp-28328,RbI3::sf-0001,1,0,
mp-22903,RbI_mp-22903.cif,RbI,False,Yes,True,mp-22903,RbI::sf-0001,1,0,
mp-23302,RbI_mp-23302.cif,RbI,False,Yes,True,mp-23302,RbI::sf-0002,1,0,
mp-1210365,Re3Br7_mp-1210365.cif,Re3Br7,True,No,True,mp-1210365,Re3Br7::sf-0001,1,0,
mp-974458,Re3F_mp-974458.cif,Re3F,True,No,True,mp-974458,Re3F::sf-0001,1,0,
mp-974474,ReBr_mp-974474.cif,ReBr,True,No,True,mp-974474,ReBr::sf-0001,1,0,
mp-23174,ReCl3_mp-23174.cif,ReCl3,False,Yes,True,mp-23174,ReCl3::sf-0001,1,0,
mp-27340,ReCl4_mp-27340.cif,ReCl4,False,Yes,True,mp-27340,ReCl4::sf-0001,1,0,
mp-27645,ReCl5_mp-27645.cif,ReCl5,False,Yes,True,mp-27645,ReCl5::sf-0001,1,0,
mp-1078114,ReCl6_mp-1078114.cif,ReCl6,False,Yes,True,mp-1078114,ReCl6::sf-0001,1,0,
mp-1025374,ReF6_mp-1025374.cif,ReF6,True,No,True,mp-1025374,ReF6::sf-0001,1,0,
mp-1209252,ReF6_mp-1209252.cif,ReF6,True,No,True,mp-1209252,ReF6::sf-0002,1,0,
mp-643265,ReF7_mp-643265.cif,ReF7,False,Yes,True,mp-643265,ReF7::sf-0001,1,0,
mp-573815,ReI3_mp-573815.cif,ReI3,False,Yes,True,mp-573815,ReI3::sf-0001,1,0,
mp-974371,Rh3Br_mp-974371.cif,Rh3Br,True,No,True,mp-974371,Rh3Br::sf-0001,1,0,
mp-1147675,Rh3Cl4_mp-1147675.cif,Rh3Cl4,True,No,True,mp-1147675,Rh3Cl4::sf-0001,1,0,
mp-974386,Rh3F_mp-974386.cif,Rh3F,True,No,True,mp-974386,Rh3F::sf-0001,1,0,
mp-27871,RhBr3_mp-27871.cif,RhBr3,False,Yes,True,mp-27871,RhBr3::sf-0001,1,0,
mp-1186908,RhBr_mp-1186908.cif,RhBr,True,No,True,mp-1186908,RhBr::sf-0001,1,0,
mp-867259,RhCl2_mp-867259.cif,RhCl2,True,No,True,mp-867259,RhCl2::sf-0001,1,0,
mp-27770,RhCl3_mp-27770.cif,RhCl3,False,Yes,True,mp-27770,RhCl3::sf-0001,1,0,
mp-1179720,RhF3_mp-1179720.cif,RhF3,True,No,True,mp-1179720,RhF3::sf-0001,1,0,
mp-2068,RhF3_mp-2068.cif,RhF3,False,Yes,True,mp-2068,RhF3::sf-0002,1,0,
mp-21208,RhF3_mp-21208.cif,RhF3,False,Yes,True,mp-21208,RhF3::sf-0003,1,0,
mp-540622,RhF5_mp-540622.cif,RhF5,False,Yes,True,mp-540622,RhF5::sf-0001,1,0,
mp-1025250,RhF6_mp-1025250.cif,RhF6,True,No,True,mp-1025250,RhF6::sf-0001,1,0,
mp-1209109,RhF6_mp-1209109.cif,RhF6,True,No,True,mp-1209109,RhF6::sf-0002,1,0,
mp-1209757,RhF6_mp-1209757.cif,RhF6,True,No,True,mp-1209757,RhF6::sf-0003,1,0,
mp-862601,RhI2_mp-862601.cif,RhI2,True,No,True,mp-862601,RhI2::sf-0001,1,0,
mp-1206891,RhI3_mp-1206891.cif,RhI3,True,No,True,mp-1206891,RhI3::sf-0001,1,0,
mp-975142,RhI_mp-975142.cif,RhI,True,No,True,mp-975142,RhI::sf-0001,1,0,
mp-974467,Ru3Cl_mp-974467.cif,Ru3Cl,True,No,True,mp-974467,Ru3Cl::sf-0001,1,0,
mp-1186909,Ru3F_mp-1186909.cif,Ru3F,True,No,True,mp-1186909,Ru3F::sf-0001,1,0,
mp-974457,Ru3I_mp-974457.cif,Ru3I,True,No,True,mp-974457,Ru3I::sf-0001,1,0,
mp-22892,RuBr3_mp-22892.cif,RuBr3,False,Yes,True,mp-22892,RuBr3::sf-0001,2,1,mp-23294
mp-23294,RuBr3_mp-23294.cif,RuBr3,False,Yes,False,mp-22892,RuBr3::sf-0001,2,1,mp-22892
mp-22850,RuCl3_mp-22850.cif,RuCl3,False,Yes,True,mp-22850,RuCl3::sf-0001,2,1,mp-570880
mp-2647063,RuCl3_mp-2647063.cif,RuCl3,True,No,True,mp-2647063,RuCl3::sf-0002,1,0,
mp-570880,RuCl3_mp-570880.cif,RuCl3,True,No,False,mp-22850,RuCl3::sf-0001,2,1,mp-22850
mp-570997,RuCl3_mp-570997.cif,RuCl3,False,Yes,True,mp-570997,RuCl3::sf-0003,1,0,
mp-1179696,RuF3_mp-1179696.cif,RuF3,True,No,True,mp-1179696,RuF3::sf-0001,1,0,
mp-7570,RuF3_mp-7570.cif,RuF3,False,Yes,True,mp-7570,RuF3::sf-0002,1,0,
mp-974434,RuF4_mp-974434.cif,RuF4,False,Yes,True,mp-974434,RuF4::sf-0001,1,0,
mp-540829,RuF5_mp-540829.cif,RuF5,False,Yes,True,mp-540829,RuF5::sf-0001,1,0,
mp-1025168,RuF6_mp-1025168.cif,RuF6,True,No,True,mp-1025168,RuF6::sf-0001,1,0,
mp-1209121,RuF6_mp-1209121.cif,RuF6,True,No,True,mp-1209121,RuF6::sf-0002,1,0,
mp-974315,RuI_mp-974315.cif,RuI,True,No,True,mp-974315,RuI::sf-0001,1,0,
mp-974332,S3Br_mp-974332.cif,S3Br,True,No,True,mp-974332,S3Br::sf-0001,1,0,
mp-1186934,S3Cl_mp-1186934.cif,S3Cl,True,No,True,mp-1186934,S3Cl::sf-0001,1,0,
mp-974330,SBr3_mp-974330.cif,SBr3,True,No,True,mp-974330,SBr3::sf-0001,1,0,
mp-28099,SBr_mp-28099.cif,SBr,False,Yes,True,mp-28099,SBr::sf-0001,1,0,
mp-28128,SCl2_mp-28128.cif,SCl2,False,Yes,True,mp-28128,SCl2::sf-0001,1,0,
mp-1210452,SCl4_mp-1210452.cif,SCl4,True,No,True,mp-1210452,SCl4::sf-0001,1,0,
mp-28096,SCl_mp-28096.cif,SCl,False,Yes,True,mp-28096,SCl::sf-0001,1,0,
mp-1203812,SF4_mp-1203812.cif,SF4,False,Yes,True,mp-1203812,SF4::sf-0001,1,0,
mp-33107,SF4_mp-33107.cif,SF4,True,No,True,mp-33107,SF4::sf-0002,1,0,
mp-642824,SF6_mp-642824.cif,SF6,False,Yes,False,mp-975,SF6::sf-0001,3,2,mp-8652;mp-975
mp-8560,SF6_mp-8560.cif,SF6,False,Yes,True,mp-8560,SF6::sf-0002,1,0,
mp-8652,SF6_mp-8652.cif,SF6,False,Yes,False,mp-975,SF6::sf-0001,3,2,mp-642824;mp-975
mp-975,SF6_mp-975.cif,SF6,False,Yes,True,mp-975,SF6::sf-0001,3,2,mp-642824;mp-8652
mp-28294,Sb11F43_mp-28294.cif,Sb11F43,False,Yes,True,mp-28294,Sb11F43::sf-0001,1,0,
mp-1103073,Sb2Br9_mp-1103073.cif,Sb2Br9,False,Yes,True,mp-1103073,Sb2Br9::sf-0001,1,0,
mp-1104255,Sb2F13_mp-1104255.cif,Sb2F13,False,Yes,True,mp-1104255,Sb2F13::sf-0001,1,0,
mp-1433590,Sb2F13_mp-1433590.cif,Sb2F13,True,No,True,mp-1433590,Sb2F13::sf-0002,1,0,
mp-739212,Sb2F13_mp-739212.cif,Sb2F13,True,No,True,mp-739212,Sb2F13::sf-0003,1,0,
mp-28062,Sb2F7_mp-28062.cif,Sb2F7,False,Yes,True,mp-28062,Sb2F7::sf-0001,1,0,
mp-28180,Sb4F15_mp-28180.cif,Sb4F15,False,Yes,True,mp-28180,Sb4F15::sf-0001,1,0,
mp-29369,Sb7F29_mp-29369.cif,Sb7F29,False,Yes,True,mp-29369,Sb7F29::sf-0001,1,0,
mp-1545003,SbBr3_mp-1545003.cif,SbBr3,True,No,False,mp-27399,SbBr3::sf-0001,2,1,mp-27399
mp-27399,SbBr3_mp-27399.cif,SbBr3,False,Yes,True,mp-27399,SbBr3::sf-0001,2,1,mp-1545003
mp-570005,SbBr3_mp-570005.cif,SbBr3,False,Yes,True,mp-570005,SbBr3::sf-0002,1,0,
mp-22872,SbCl3_mp-22872.cif,SbCl3,False,Yes,True,mp-22872,SbCl3::sf-0001,1,0,
mp-23176,SbCl5_mp-23176.cif,SbCl5,False,Yes,True,mp-23176,SbCl5::sf-0001,1,0,
mp-570796,SbCl5_mp-570796.cif,SbCl5,False,Yes,True,mp-570796,SbCl5::sf-0002,1,0,
mp-1880,SbF3_mp-1880.cif,SbF3,False,Yes,True,mp-1880,SbF3::sf-0001,1,0,
mp-1443513,SbF4_mp-1443513.cif,SbF4,True,No,True,mp-1443513,SbF4::sf-0001,1,0,
mp-556425,SbF4_mp-556425.cif,SbF4,False,Yes,True,mp-556425,SbF4::sf-0002,1,0,
mp-1046542,SbF5_mp-1046542.cif,SbF5,True,No,True,mp-1046542,SbF5::sf-0001,1,0,
mp-1341935,SbF5_mp-1341935.cif,SbF5,True,No,True,mp-1341935,SbF5::sf-0002,1,0,
mp-1389909,SbF5_mp-1389909.cif,SbF5,True,No,True,mp-1389909,SbF5::sf-0003,1,0,
mp-1399809,SbF5_mp-1399809.cif,SbF5,True,No,True,mp-1399809,SbF5::sf-0004,1,0,
mp-1831269,SbF5_mp-1831269.cif,SbF5,True,No,True,mp-1831269,SbF5::sf-0005,1,0,
mp-734819,SbF6_mp-734819.cif,SbF6,True,No,True,mp-734819,SbF6::sf-0001,1,0,
mp-23281,SbI3_mp-23281.cif,SbI3,False,Yes,True,mp-23281,SbI3::sf-0001,1,0,
mp-569224,SbI3_mp-569224.cif,SbI3,False,Yes,True,mp-569224,SbI3::sf-0002,1,0,
mp-685088,Sc12I25_mp-685088.cif,Sc12I25,True,No,True,mp-685088,Sc12I25::sf-0001,1,0,
mp-542449,Sc5Cl8_mp-542449.cif,Sc5Cl8,False,Yes,True,mp-542449,Sc5Cl8::sf-0001,1,0,
mp-27513,Sc7Cl10_mp-27513.cif,Sc7Cl10,False,Yes,True,mp-27513,Sc7Cl10::sf-0001,1,0,
mp-23186,Sc7Cl12_mp-23186.cif,Sc7Cl12,False,Yes,True,mp-23186,Sc7Cl12::sf-0001,1,0,
mp-862565,ScBr2_mp-862565.cif,ScBr2,True,No,True,mp-862565,ScBr2::sf-0001,1,0,
mp-1186984,ScBr3_mp-1186984.cif,ScBr3,True,No,True,mp-1186984,ScBr3::sf-0001,1,0,
mp-23309,ScCl3_mp-23309.cif,ScCl3,False,Yes,True,mp-23309,ScCl3::sf-0001,1,0,
mp-27507,ScCl_mp-27507.cif,ScCl,False,Yes,True,mp-27507,ScCl::sf-0001,1,0,
mp-10694,ScF3_mp-10694.cif,ScF3,False,Yes,False,mp-1078300,ScF3::sf-0001,3,2,mp-1078300;mp-559092
mp-1078300,ScF3_mp-1078300.cif,ScF3,False,Yes,True,mp-1078300,ScF3::sf-0001,3,2,mp-10694;mp-559092
mp-1094067,ScF3_mp-1094067.cif,ScF3,True,No,True,mp-1094067,ScF3::sf-0002,1,0,
mp-1179500,ScF3_mp-1179500.cif,ScF3,True,No,True,mp-1179500,ScF3::sf-0003,1,0,
mp-559092,ScF3_mp-559092.cif,ScF3,False,Yes,False,mp-1078300,ScF3::sf-0001,3,2,mp-10694;mp-1078300
mp-634805,ScF3_mp-634805.cif,ScF3,True,No,True,mp-634805,ScF3::sf-0004,1,0,
mp-695817,ScF3_mp-695817.cif,ScF3,True,No,True,mp-695817,ScF3::sf-0005,1,0,
mp-862329,ScI2_mp-862329.cif,ScI2,True,No,True,mp-862329,ScI2::sf-0001,1,0,
mp-1186991,ScI3_mp-1186991.cif,ScI3,True,No,True,mp-1186991,ScI3::sf-0001,1,0,
mp-1187019,Se3Br_mp-1187019.cif,Se3Br,True,No,True,mp-1187019,Se3Br::sf-0001,1,0,
mp-861891,SeBr2_mp-861891.cif,SeBr2,True,No,True,mp-861891,SeBr2::sf-0001,1,0,
mp-972874,SeBr3_mp-972874.cif,SeBr3,True,No,True,mp-972874,SeBr3::sf-0001,1,0,
mp-651332,SeBr4_mp-651332.cif,SeBr4,False,Yes,True,mp-651332,SeBr4::sf-0001,1,0,
mp-540943,SeBr_mp-540943.cif,SeBr,False,Yes,True,mp-540943,SeBr::sf-0001,1,0,
mp-570589,SeBr_mp-570589.cif,SeBr,False,Yes,True,mp-570589,SeBr::sf-0002,1,0,
mp-540675,SeCl4_mp-540675.cif,SeCl4,False,Yes,True,mp-540675,SeCl4::sf-0001,1,0,
mp-667320,SeCl4_mp-667320.cif,SeCl4,False,Yes,True,mp-667320,SeCl4::sf-0002,1,0,
mp-504825,SeCl_mp-504825.cif,SeCl,False,Yes,True,mp-504825,SeCl::sf-0001,1,0,
mp-29172,SeF4_mp-29172.cif,SeF4,False,Yes,True,mp-29172,SeF4::sf-0001,1,0,
mp-861871,SeI2_mp-861871.cif,SeI2,True,No,True,mp-861871,SeI2::sf-0001,1,0,
mp-27189,Si3Cl8_mp-27189.cif,Si3Cl8,False,Yes,True,mp-27189,Si3Cl8::sf-0001,1,0,
mp-972767,Si3F_mp-972767.cif,Si3F,True,No,True,mp-972767,Si3F::sf-0001,1,0,
mp-1195825,SiBr2_mp-1195825.cif,SiBr2,False,Yes,True,mp-1195825,SiBr2::sf-0001,1,0,
mp-504902,SiBr2_mp-504902.cif,SiBr2,False,Yes,True,mp-504902,SiBr2::sf-0002,1,0,
mp-1078181,SiBr3_mp-1078181.cif,SiBr3,False,Yes,True,mp-1078181,SiBr3::sf-0001,1,0,
mp-570285,SiBr4_mp-570285.cif,SiBr4,False,Yes,True,mp-570285,SiBr4::sf-0001,1,0,
mp-574086,SiBr4_mp-574086.cif,SiBr4,False,Yes,True,mp-574086,SiBr4::sf-0002,1,0,
mp-29174,SiCl2_mp-29174.cif,SiCl2,False,Yes,True,mp-29174,SiCl2::sf-0001,1,0,
mp-28391,SiCl4_mp-28391.cif,SiCl4,False,Yes,True,mp-28391,SiCl4::sf-0001,1,0,
mp-1818,SiF4_mp-1818.cif,SiF4,False,Yes,True,mp-1818,SiF4::sf-0001,1,0,
mp-541053,SiI2_mp-541053.cif,SiI2,False,Yes,True,mp-541053,SiI2::sf-0001,1,0,
mp-1078195,SiI3_mp-1078195.cif,SiI3,False,Yes,True,mp-1078195,SiI3::sf-0001,1,0,
mp-29109,SiI3_mp-29109.cif,SiI3,False,Yes,True,mp-29109,SiI3::sf-0002,1,0,
mp-635441,SiI4_mp-635441.cif,SiI4,False,Yes,True,mp-635441,SiI4::sf-0001,1,0,
mp-684193,Sm11Br24_mp-684193.cif,Sm11Br24,False,Yes,True,mp-684193,Sm11Br24::sf-0001,1,0,
mp-32958,Sm2F_mp-32958.cif,Sm2F,True,No,True,mp-32958,Sm2F::sf-0001,1,0,
mp-978798,Sm3I_mp-978798.cif,Sm3I,True,No,True,mp-978798,Sm3I::sf-0001,1,0,
mp-979293,Sm3I_mp-979293.cif,Sm3I,True,No,True,mp-979293,Sm3I::sf-0002,1,0,
mp-680266,Sm5Br11_mp-680266.cif,Sm5Br11,False,Yes,True,mp-680266,Sm5Br11::sf-0001,1,0,
mp-672351,Sm6Br13_mp-672351.cif,Sm6Br13,False,Yes,True,mp-672351,Sm6Br13::sf-0001,1,0,
mp-1208711,SmBr2_mp-1208711.cif,SmBr2,True,No,True,mp-1208711,SmBr2::sf-0001,2,1,mp-2019122
mp-2019122,SmBr2_mp-2019122.cif,SmBr2,True,No,False,mp-1208711,SmBr2::sf-0001,2,1,mp-1208711
mp-27976,SmBr3_mp-27976.cif,SmBr3,False,Yes,True,mp-27976,SmBr3::sf-0001,1,0,
mp-972742,SmBr_mp-972742.cif,SmBr,True,No,True,mp-972742,SmBr::sf-0001,1,0,
mp-29453,SmCl2_mp-29453.cif,SmCl2,False,Yes,True,mp-29453,SmCl2::sf-0001,1,0,
mp-867134,SmCl2_mp-867134.cif,SmCl2,True,No,True,mp-867134,SmCl2::sf-0002,1,0,
mp-863026,SmCl3_mp-863026.cif,SmCl3,True,No,True,mp-863026,SmCl3::sf-0001,1,0,
mp-1206711,SmF2_mp-1206711.cif,SmF2,True,No,True,mp-1206711,SmF2::sf-0001,1,0,
mp-18690,SmF3_mp-18690.cif,SmF3,True,No,True,mp-18690,SmF3::sf-0001,1,0,
mp-7384,SmF3_mp-7384.cif,SmF3,False,Yes,True,mp-7384,SmF3::sf-0002,1,0,
mp-581941,SmI2_mp-581941.cif,SmI2,False,Yes,True,mp-581941,SmI2::sf-0001,1,0,
mp-863028,SmI3_mp-863028.cif,SmI3,True,No,True,mp-863028,SmI3::sf-0001,1,0,
mp-978679,SmI_mp-978679.cif,SmI,True,No,True,mp-978679,SmI::sf-0001,1,0,
mp-1443,Sn3F8_mp-1443.cif,Sn3F8,False,Yes,True,mp-1443,Sn3F8::sf-0001,1,0,
mp-1105170,SnBr2_mp-1105170.cif,SnBr2,False,Yes,True,mp-1105170,SnBr2::sf-0001,1,0,
mp-1272139,SnBr2_mp-1272139.cif,SnBr2,True,No,True,mp-1272139,SnBr2::sf-0002,1,0,
mp-29862,SnBr2_mp-29862.cif,SnBr2,False,Yes,True,mp-29862,SnBr2::sf-0003,1,0,
mp-978985,SnBr2_mp-978985.cif,SnBr2,True,No,True,mp-978985,SnBr2::sf-0004,1,0,
mp-23216,SnBr4_mp-23216.cif,SnBr4,False,Yes,True,mp-23216,SnBr4::sf-0001,1,0,
mp-29179,SnCl2_mp-29179.cif,SnCl2,False,Yes,True,mp-29179,SnCl2::sf-0001,2,1,mp-569152
mp-569152,SnCl2_mp-569152.cif,SnCl2,False,Yes,False,mp-29179,SnCl2::sf-0001,2,1,mp-29179
mp-29866,SnCl4_mp-29866.cif,SnCl4,False,Yes,True,mp-29866,SnCl4::sf-0001,1,0,
mp-978928,SnCl_mp-978928.cif,SnCl,True,No,True,mp-978928,SnCl::sf-0001,1,0,
mp-2843,SnF2_mp-2843.cif,SnF2,False,Yes,True,mp-2843,SnF2::sf-0001,1,0,
mp-7456,SnF2_mp-7456.cif,SnF2,False,Yes,True,mp-7456,SnF2::sf-0002,2,1,mp-7457
mp-7457,SnF2_mp-7457.cif,SnF2,False,Yes,False,mp-7456,SnF2::sf-0002,2,1,mp-7456
mp-1375229,SnF3_mp-1375229.cif,SnF3,True,No,True,mp-1375229,SnF3::sf-0001,1,0,
mp-8289,SnF3_mp-8289.cif,SnF3,False,Yes,True,mp-8289,SnF3::sf-0002,1,0,
mp-1401938,SnF4_mp-1401938.cif,SnF4,True,No,False,mp-1786164,SnF4::sf-0001,2,1,mp-1786164
mp-1786164,SnF4_mp-1786164.cif,SnF4,True,No,True,mp-1786164,SnF4::sf-0001,2,1,mp-1401938
mp-2706,SnF4_mp-2706.cif,SnF4,False,Yes,True,mp-2706,SnF4::sf-0002,1,0,
mp-27194,SnI2_mp-27194.cif,SnI2,False,Yes,True,mp-27194,SnI2::sf-0001,1,0,
mp-978846,SnI2_mp-978846.cif,SnI2,True,No,True,mp-978846,SnI2::sf-0002,1,0,
mp-1067833,SnI3_mp-1067833.cif,SnI3,False,Yes,False,mp-1095094,SnI3::sf-0001,2,1,mp-1095094
mp-1095094,SnI3_mp-1095094.cif,SnI3,False,Yes,True,mp-1095094,SnI3::sf-0001,2,1,mp-1067833
mp-23182,SnI4_mp-23182.cif,SnI4,False,Yes,True,mp-23182,SnI4::sf-0001,1,0,
mp-571436,SnI4_mp-571436.cif,SnI4,False,Yes,True,mp-571436,SnI4::sf-0002,1,0,
mp-1366228,Sr25Cl52_mp-1366228.cif,Sr25Cl52,True,No,True,mp-1366228,Sr25Cl52::sf-0001,1,0,
mp-531572,Sr25Cl52_mp-531572.cif,Sr25Cl52,True,No,True,mp-531572,Sr25Cl52::sf-0002,1,0,
mp-724714,Sr25Cl52_mp-724714.cif,Sr25Cl52,True,No,True,mp-724714,Sr25Cl52::sf-0003,1,0,
mp-1187158,SrBr2_mp-1187158.cif,SrBr2,True,No,True,mp-1187158,SrBr2::sf-0001,1,0,
mp-32711,SrBr2_mp-32711.cif,SrBr2,False,Yes,True,mp-32711,SrBr2::sf-0002,1,0,
mp-567744,SrBr2_mp-567744.cif,SrBr2,False,Yes,True,mp-567744,SrBr2::sf-0003,1,0,
mp-980667,SrBr3_mp-980667.cif,SrBr3,True,No,True,mp-980667,SrBr3::sf-0001,1,0,
mp-23209,SrCl2_mp-23209.cif,SrCl2,False,Yes,True,mp-23209,SrCl2::sf-0001,1,0,
mp-1187157,SrCl3_mp-1187157.cif,SrCl3,True,No,True,mp-1187157,SrCl3::sf-0001,1,0,
mp-1019258,SrF2_mp-1019258.cif,SrF2,False,Yes,True,mp-1019258,SrF2::sf-0001,1,0,
mp-1102240,SrF2_mp-1102240.cif,SrF2,False,Yes,True,mp-1102240,SrF2::sf-0002,1,0,
mp-1102911,SrF2_mp-1102911.cif,SrF2,True,No,True,mp-1102911,SrF2::sf-0003,1,0,
mp-981,SrF2_mp-981.cif,SrF2,False,Yes,True,mp-981,SrF2::sf-0004,1,0,
mp-1187177,SrF3_mp-1187177.cif,SrF3,True,No,True,mp-1187177,SrF3::sf-0001,1,0,
mp-2050241,SrF3_mp-2050241.cif,SrF3,True,No,False,mp-727311,SrF3::sf-0002,2,1,mp-727311
mp-727311,SrF3_mp-727311.cif,SrF3,False,Yes,True,mp-727311,SrF3::sf-0002,2,1,mp-2050241
mp-1187162,SrF_mp-1187162.cif,SrF,True,No,True,mp-1187162,SrF::sf-0001,1,0,
mp-1187178,SrI2_mp-1187178.cif,SrI2,True,No,True,mp-1187178,SrI2::sf-0001,1,0,
mp-23181,SrI2_mp-23181.cif,SrI2,False,Yes,True,mp-23181,SrI2::sf-0002,1,0,
mp-568284,SrI2_mp-568284.cif,SrI2,False,Yes,True,mp-568284,SrI2::sf-0003,1,0,
mp-680077,Ta2Br5_mp-680077.cif,Ta2Br5,False,Yes,True,mp-680077,Ta2Br5::sf-0001,1,0,
mp-23274,Ta2Cl5_mp-23274.cif,Ta2Cl5,False,Yes,True,mp-23274,Ta2Cl5::sf-0001,1,0,
mp-32554,Ta2I5_mp-32554.cif,Ta2I5,True,No,True,mp-32554,Ta2I5::sf-0001,1,0,
mp-1198538,Ta3Br7_mp-1198538.cif,Ta3Br7,False,Yes,False,mp-29412,Ta3Br7::sf-0001,2,1,mp-29412
mp-29412,Ta3Br7_mp-29412.cif,Ta3Br7,False,Yes,True,mp-29412,Ta3Br7::sf-0001,2,1,mp-1198538
mp-23238,Ta3I7_mp-23238.cif,Ta3I7,False,Yes,True,mp-23238,Ta3I7::sf-0001,1,0,
mp-1203015,TaBr5_mp-1203015.cif,TaBr5,False,Yes,True,mp-1203015,TaBr5::sf-0001,1,0,
mp-568846,TaBr5_mp-568846.cif,TaBr5,False,Yes,True,mp-568846,TaBr5::sf-0002,1,0,
mp-727406,TaCl3_mp-727406.cif,TaCl3,False,Yes,True,mp-727406,TaCl3::sf-0001,1,0,
mp-29465,TaCl4_mp-29465.cif,TaCl4,False,Yes,True,mp-29465,TaCl4::sf-0001,1,0,
mp-29831,TaCl5_mp-29831.cif,TaCl5,False,Yes,True,mp-29831,TaCl5::sf-0001,1,0,
mp-8338,TaF3_mp-8338.cif,TaF3,False,Yes,True,mp-8338,TaF3::sf-0001,1,0,
mp-1047356,TaF5_mp-1047356.cif,TaF5,True,No,True,mp-1047356,TaF5::sf-0001,1,0,
mp-1339908,TaF5_mp-1339908.cif,TaF5,True,No,True,mp-1339908,TaF5::sf-0002,1,0,
mp-1393434,TaF5_mp-1393434.cif,TaF5,True,No,True,mp-1393434,TaF5::sf-0003,1,0,
mp-1400588,TaF5_mp-1400588.cif,TaF5,True,No,True,mp-1400588,TaF5::sf-0004,1,0,
mp-1830474,TaF5_mp-1830474.cif,TaF5,True,No,True,mp-1830474,TaF5::sf-0005,1,0,
mp-561197,TaF5_mp-561197.cif,TaF5,False,Yes,True,mp-561197,TaF5::sf-0006,1,0,
mp-567537,TaI4_mp-567537.cif,TaI4,False,Yes,True,mp-567537,TaI4::sf-0001,1,0,
mp-570679,TaI5_mp-570679.cif,TaI5,False,Yes,True,mp-570679,TaI5::sf-0001,1,0,
mp-1205852,Tb2Cl3_mp-1205852.cif,Tb2Cl3,True,No,True,mp-1205852,Tb2Cl3::sf-0001,1,0,
mp-1217859,Tb2F15_mp-1217859.cif,Tb2F15,True,No,True,mp-1217859,Tb2F15::sf-0001,1,0,
mp-1238971,Tb2F15_mp-1238971.cif,Tb2F15,True,No,True,mp-1238971,Tb2F15::sf-0002,1,0,
mp-684890,Tb4F15_mp-684890.cif,Tb4F15,False,Yes,True,mp-684890,Tb4F15::sf-0001,1,0,
mp-31007,Tb5Br8_mp-31007.cif,Tb5Br8,False,Yes,True,mp-31007,Tb5Br8::sf-0001,1,0,
mp-30985,Tb6Br7_mp-30985.cif,Tb6Br7,False,Yes,True,mp-30985,Tb6Br7::sf-0001,1,0,
mp-863746,TbBr3_mp-863746.cif,TbBr3,True,No,True,mp-863746,TbBr3::sf-0001,1,0,
mp-27924,TbBr_mp-27924.cif,TbBr,False,Yes,True,mp-27924,TbBr::sf-0001,1,0,
mp-23293,TbCl3_mp-23293.cif,TbCl3,False,Yes,True,mp-23293,TbCl3::sf-0001,1,0,
mp-568170,TbCl3_mp-568170.cif,TbCl3,False,Yes,True,mp-568170,TbCl3::sf-0002,1,0,
mp-570232,TbCl3_mp-570232.cif,TbCl3,False,Yes,True,mp-570232,TbCl3::sf-0003,1,0,
mp-27923,TbCl_mp-27923.cif,TbCl,False,Yes,True,mp-27923,TbCl::sf-0001,1,0,
mp-568342,TbCl_mp-568342.cif,TbCl,False,Yes,True,mp-568342,TbCl::sf-0002,1,0,
mp-11347,TbF3_mp-11347.cif,TbF3,False,Yes,True,mp-11347,TbF3::sf-0001,1,0,
mp-1208439,TbF4_mp-1208439.cif,TbF4,True,No,True,mp-1208439,TbF4::sf-0001,1,0,
mp-863264,TbI3_mp-863264.cif,TbI3,True,No,True,mp-863264,TbI3::sf-0001,1,0,
mp-1205299,TcBr3_mp-1205299.cif,TcBr3,False,Yes,False,mp-568753,TcBr3::sf-0001,2,1,mp-568753
mp-568753,TcBr3_mp-568753.cif,TcBr3,True,No,True,mp-568753,TcBr3::sf-0001,2,1,mp-1205299
mp-570480,TcBr4_mp-570480.cif,TcBr4,False,Yes,True,mp-570480,TcBr4::sf-0001,1,0,
mp-1078708,TcCl3_mp-1078708.cif,TcCl3,False,Yes,True,mp-1078708,TcCl3::sf-0001,1,0,
mp-1190915,TcCl3_mp-1190915.cif,TcCl3,False,Yes,True,mp-1190915,TcCl3::sf-0002,1,0,
mp-27780,TcCl4_mp-27780.cif,TcCl4,False,Yes,True,mp-27780,TcCl4::sf-0001,1,0,
mp-867369,TcF3_mp-867369.cif,TcF3,True,No,True,mp-867369,TcF3::sf-0001,1,0,
mp-1203061,TcF4_mp-1203061.cif,TcF4,True,No,True,mp-1203061,TcF4::sf-0001,1,0,
mp-1025373,TcF6_mp-1025373.cif,TcF6,True,No,True,mp-1025373,TcF6::sf-0001,1,0,
mp-1208328,TcF6_mp-1208328.cif,TcF6,True,No,True,mp-1208328,TcF6::sf-0002,1,0,
mp-1203591,TcI4_mp-1203591.cif,TcI4,True,No,True,mp-1203591,TcI4::sf-0001,1,0,
mp-27648,Te2Br_mp-27648.cif,Te2Br,False,Yes,True,mp-27648,Te2Br::sf-0001,1,0,
mp-1208308,Te2Cl_mp-1208308.cif,Te2Cl,True,No,True,mp-1208308,Te2Cl::sf-0001,1,0,
mp-27655,Te2I_mp-27655.cif,Te2I,False,Yes,True,mp-27655,Te2I::sf-0001,1,0,
mp-27628,Te3Cl2_mp-27628.cif,Te3Cl2,False,Yes,True,mp-27628,Te3Cl2::sf-0001,1,0,
mp-685011,Te8I3_mp-685011.cif,Te8I3,True,No,True,mp-685011,Te8I3::sf-0001,1,0,
mp-863764,TeBr2_mp-863764.cif,TeBr2,True,No,True,mp-863764,TeBr2::sf-0001,1,0,
mp-1208424,TeBr4_mp-1208424.cif,TeBr4,True,No,True,mp-1208424,TeBr4::sf-0001,1,0,
mp-1104734,TeBr6_mp-1104734.cif,TeBr6,False,Yes,True,mp-1104734,TeBr6::sf-0001,1,0,
mp-569561,TeCl4_mp-569561.cif,TeCl4,False,Yes,True,mp-569561,TeCl4::sf-0001,1,0,
mp-561664,TeF4_mp-561664.cif,TeF4,False,Yes,True,mp-561664,TeF4::sf-0001,1,0,
mp-1396578,TeF6_mp-1396578.cif,TeF6,True,No,True,mp-1396578,TeF6::sf-0001,1,0,
mp-1875,TeF6_mp-1875.cif,TeF6,False,Yes,True,mp-1875,TeF6::sf-0002,1,0,
mp-862773,TeI2_mp-862773.cif,TeI2,True,No,True,mp-862773,TeI2::sf-0001,1,0,
mp-1101136,TeI4_mp-1101136.cif,TeI4,True,No,True,mp-1101136,TeI4::sf-0001,1,0,
mp-1217312,TeI4_mp-1217312.cif,TeI4,True,No,True,mp-1217312,TeI4::sf-0002,1,0,
mp-567269,TeI4_mp-567269.cif,TeI4,False,Yes,True,mp-567269,TeI4::sf-0003,1,0,
mp-567914,TeI4_mp-567914.cif,TeI4,False,Yes,True,mp-567914,TeI4::sf-0004,1,0,
mp-570884,TeI4_mp-570884.cif,TeI4,False,Yes,True,mp-570884,TeI4::sf-0005,1,0,
mp-651155,TeI4_mp-651155.cif,TeI4,False,Yes,True,mp-651155,TeI4::sf-0006,1,0,
mp-2205701,TeI7_mp-2205701.cif,TeI7,True,No,False,mp-2766281,TeI7::sf-0001,2,1,mp-2766281
mp-2766281,TeI7_mp-2766281.cif,TeI7,True,No,True,mp-2766281,TeI7::sf-0001,2,1,mp-2205701
mp-725294,TeI7_mp-725294.cif,TeI7,False,Yes,True,mp-725294,TeI7::sf-0002,1,0,
mp-23273,TeI_mp-23273.cif,TeI,False,Yes,True,mp-23273,TeI::sf-0001,1,0,
mp-569766,TeI_mp-569766.cif,TeI,False,Yes,True,mp-569766,TeI::sf-0002,1,0,
mp-1191061,Th2Br5_mp-1191061.cif,Th2Br5,False,Yes,True,mp-1191061,Th2Br5::sf-0001,1,0,
mp-979116,Th3Br_mp-979116.cif,Th3Br,True,No,True,mp-979116,Th3Br::sf-0001,1,0,
mp-1187408,Th3Cl_mp-1187408.cif,Th3Cl,True,No,True,mp-1187408,Th3Cl::sf-0001,1,0,
mp-1208286,ThBr2_mp-1208286.cif,ThBr2,True,No,True,mp-1208286,ThBr2::sf-0001,1,0,
mp-1208561,ThBr2_mp-1208561.cif,ThBr2,True,No,True,mp-1208561,ThBr2::sf-0002,1,0,
mp-23160,ThBr4_mp-23160.cif,ThBr4,False,Yes,True,mp-23160,ThBr4::sf-0001,1,0,
mp-570229,ThBr4_mp-570229.cif,ThBr4,False,Yes,True,mp-570229,ThBr4::sf-0002,1,0,
mp-1208314,ThCl2_mp-1208314.cif,ThCl2,True,No,True,mp-1208314,ThCl2::sf-0001,1,0,
mp-23215,ThCl4_mp-23215.cif,ThCl4,False,Yes,True,mp-23215,ThCl4::sf-0001,1,0,
mp-567431,ThCl4_mp-567431.cif,ThCl4,False,Yes,True,mp-567431,ThCl4::sf-0002,1,0,
mp-1187440,ThCl_mp-1187440.cif,ThCl,True,No,True,mp-1187440,ThCl::sf-0001,1,0,
mp-31034,ThF4_mp-31034.cif,ThF4,False,Yes,True,mp-31034,ThF4::sf-0001,1,0,
mp-862671,ThF4_mp-862671.cif,ThF4,True,No,True,mp-862671,ThF4::sf-0002,1,0,
mp-27652,ThI2_mp-27652.cif,ThI2,False,Yes,True,mp-27652,ThI2::sf-0001,1,0,
mp-540904,ThI3_mp-540904.cif,ThI3,False,Yes,True,mp-540904,ThI3::sf-0001,1,0,
mp-27697,ThI4_mp-27697.cif,ThI4,False,Yes,True,mp-27697,ThI4::sf-0001,1,0,
mp-971768,Ti3Br_mp-971768.cif,Ti3Br,True,No,True,mp-971768,Ti3Br::sf-0001,1,0,
mp-540672,Ti7Br16_mp-540672.cif,Ti7Br16,False,Yes,True,mp-540672,Ti7Br16::sf-0001,1,0,
mp-540671,Ti7Cl16_mp-540671.cif,Ti7Cl16,False,Yes,True,mp-540671,Ti7Cl16::sf-0001,1,0,
mp-27785,TiBr2_mp-27785.cif,TiBr2,False,Yes,True,mp-27785,TiBr2::sf-0001,1,0,
mp-28214,TiBr3_mp-28214.cif,TiBr3,False,Yes,True,mp-28214,TiBr3::sf-0001,2,1,mp-571065
mp-571065,TiBr3_mp-571065.cif,TiBr3,False,Yes,False,mp-28214,TiBr3::sf-0001,2,1,mp-28214
mp-27634,TiBr4_mp-27634.cif,TiBr4,False,Yes,True,mp-27634,TiBr4::sf-0001,1,0,
mp-569814,TiBr4_mp-569814.cif,TiBr4,False,Yes,True,mp-569814,TiBr4::sf-0002,1,0,
mp-28116,TiCl2_mp-28116.cif,TiCl2,False,Yes,True,mp-28116,TiCl2::sf-0001,1,0,
mp-2017901,TiCl3_mp-2017901.cif,TiCl3,True,No,True,mp-2017901,TiCl3::sf-0001,3,2,mp-567330;mp-571424
mp-2036706,TiCl3_mp-2036706.cif,TiCl3,True,No,True,mp-2036706,TiCl3::sf-0002,2,1,mp-567354
mp-23275,TiCl3_mp-23275.cif,TiCl3,False,Yes,True,mp-23275,TiCl3::sf-0003,1,0,
mp-567330,TiCl3_mp-567330.cif,TiCl3,False,Yes,False,mp-2017901,TiCl3::sf-0001,3,2,mp-2017901;mp-571424
mp-567354,TiCl3_mp-567354.cif,TiCl3,False,Yes,False,mp-2036706,TiCl3::sf-0002,2,1,mp-2036706
mp-568230,TiCl3_mp-568230.cif,TiCl3,True,No,True,mp-568230,TiCl3::sf-0004,1,0,
mp-569756,TiCl3_mp-569756.cif,TiCl3,False,Yes,True,mp-569756,TiCl3::sf-0005,1,0,
mp-571143,TiCl3_mp-571143.cif,TiCl3,False,Yes,True,mp-571143,TiCl3::sf-0006,1,0,
mp-571377,TiCl3_mp-571377.cif,TiCl3,False,Yes,True,mp-571377,TiCl3::sf-0007,1,0,
mp-571424,TiCl3_mp-571424.cif,TiCl3,False,Yes,False,mp-2017901,TiCl3::sf-0001,3,2,mp-2017901;mp-567330
mp-30092,TiCl4_mp-30092.cif,TiCl4,False,Yes,True,mp-30092,TiCl4::sf-0001,1,0,
mp-282,TiF2_mp-282.cif,TiF2,False,Yes,True,mp-282,TiF2::sf-0001,1,0,
mp-1178963,TiF3_mp-1178963.cif,TiF3,True,No,True,mp-1178963,TiF3::sf-0001,1,0,
mp-1179375,TiF3_mp-1179375.cif,TiF3,True,No,True,mp-1179375,TiF3::sf-0002,1,0,
mp-246,TiF3_mp-246.cif,TiF3,False,Yes,True,mp-246,TiF3::sf-0003,2,1,mp-562468
mp-2901880,TiF3_mp-2901880.cif,TiF3,True,No,True,mp-2901880,TiF3::sf-0004,1,0,
mp-562468,TiF3_mp-562468.cif,TiF3,False,Yes,False,mp-246,TiF3::sf-0003,2,1,mp-246
mp-634867,TiF3_mp-634867.cif,TiF3,True,No,True,mp-634867,TiF3::sf-0005,1,0,
mp-1383199,TiF4_mp-1383199.cif,TiF4,True,No,True,mp-1383199,TiF4::sf-0001,1,0,
mp-28974,TiF4_mp-28974.cif,TiF4,False,Yes,True,mp-28974,TiF4::sf-0002,1,0,
mp-1209717,TiF6_mp-1209717.cif,TiF6,True,No,True,mp-1209717,TiF6::sf-0001,1,0,
mp-1207060,TiI2_mp-1207060.cif,TiI2,True,No,True,mp-1207060,TiI2::sf-0001,1,0,
mp-23223,TiI3_mp-23223.cif,TiI3,False,Yes,False,mp-23264,TiI3::sf-0001,2,1,mp-23264
mp-23264,TiI3_mp-23264.cif,TiI3,False,Yes,True,mp-23264,TiI3::sf-0001,2,1,mp-23223
mp-541013,TiI4_mp-541013.cif,TiI4,False,Yes,True,mp-541013,TiI4::sf-0001,1,0,
mp-980194,TiI_mp-980194.cif,TiI,True,No,True,mp-980194,TiI::sf-0001,1,0,
mp-680345,Tl2Br3_mp-680345.cif,Tl2Br3,False,Yes,True,mp-680345,Tl2Br3::sf-0001,1,0,
mp-1120770,Tl2Cl3_mp-1120770.cif,Tl2Cl3,True,No,True,mp-1120770,Tl2Cl3::sf-0001,1,0,
mp-680294,Tl2Cl3_mp-680294.cif,Tl2Cl3,False,Yes,True,mp-680294,Tl2Cl3::sf-0002,1,0,
mp-1206414,Tl2F3_mp-1206414.cif,Tl2F3,True,No,True,mp-1206414,Tl2F3::sf-0001,1,0,
mp-979268,Tl3Br_mp-979268.cif,Tl3Br,True,No,True,mp-979268,Tl3Br::sf-0001,1,0,
mp-982064,Tl3Br_mp-982064.cif,Tl3Br,True,No,True,mp-982064,Tl3Br::sf-0002,1,0,
mp-1187500,Tl3Cl_mp-1187500.cif,Tl3Cl,True,No,True,mp-1187500,Tl3Cl::sf-0001,1,0,
mp-983458,Tl3Cl_mp-983458.cif,Tl3Cl,True,No,True,mp-983458,Tl3Cl::sf-0002,1,0,
mp-979262,Tl3F_mp-979262.cif,Tl3F,True,No,True,mp-979262,Tl3F::sf-0001,1,0,
mp-27398,TlBr2_mp-27398.cif,TlBr2,False,Yes,True,mp-27398,TlBr2::sf-0001,1,0,
mp-731800,TlBr3_mp-731800.cif,TlBr3,False,Yes,True,mp-731800,TlBr3::sf-0001,1,0,
mp-22875,TlBr_mp-22875.cif,TlBr,False,Yes,True,mp-22875,TlBr::sf-0001,1,0,
mp-568560,TlBr_mp-568560.cif,TlBr,False,Yes,True,mp-568560,TlBr::sf-0002,1,0,
mp-568949,TlBr_mp-568949.cif,TlBr,False,Yes,True,mp-568949,TlBr::sf-0003,1,0,
mp-1077305,TlCl2_mp-1077305.cif,TlCl2,False,Yes,True,mp-1077305,TlCl2::sf-0001,1,0,
mp-27205,TlCl2_mp-27205.cif,TlCl2,False,Yes,True,mp-27205,TlCl2::sf-0002,1,0,
mp-1206058,TlCl3_mp-1206058.cif,TlCl3,True,No,True,mp-1206058,TlCl3::sf-0001,1,0,
mp-726693,TlCl3_mp-726693.cif,TlCl3,False,Yes,True,mp-726693,TlCl3::sf-0002,1,0,
mp-23167,TlCl_mp-23167.cif,TlCl,False,Yes,True,mp-23167,TlCl::sf-0001,1,0,
mp-569639,TlCl_mp-569639.cif,TlCl,False,Yes,True,mp-569639,TlCl::sf-0002,1,0,
mp-571079,TlCl_mp-571079.cif,TlCl,False,Yes,True,mp-571079,TlCl::sf-0003,1,0,
mp-2632,TlF3_mp-2632.cif,TlF3,False,Yes,True,mp-2632,TlF3::sf-0001,1,0,
mp-2175,TlF_mp-2175.cif,TlF,True,No,True,mp-2175,TlF::sf-0001,1,0,
mp-557835,TlF_mp-557835.cif,TlF,False,Yes,True,mp-557835,TlF::sf-0002,1,0,
mp-558134,TlF_mp-558134.cif,TlF,True,No,True,mp-558134,TlF::sf-0003,1,0,
mp-720,TlF_mp-720.cif,TlF,False,Yes,True,mp-720,TlF::sf-0004,1,0,
mp-28329,TlI3_mp-28329.cif,TlI3,False,Yes,True,mp-28329,TlI3::sf-0001,1,0,
mp-22858,TlI_mp-22858.cif,TlI,False,Yes,True,mp-22858,TlI::sf-0001,1,0,
mp-23197,TlI_mp-23197.cif,TlI,False,Yes,True,mp-23197,TlI::sf-0002,1,0,
mp-571102,TlI_mp-571102.cif,TlI,False,Yes,True,mp-571102,TlI::sf-0003,1,0,
mp-680292,Tm7Cl15_mp-680292.cif,Tm7Cl15,False,Yes,True,mp-680292,Tm7Cl15::sf-0001,1,0,
mp-1208104,TmBr2_mp-1208104.cif,TmBr2,True,No,True,mp-1208104,TmBr2::sf-0001,1,0,
mp-865301,TmBr3_mp-865301.cif,TmBr3,True,No,True,mp-865301,TmBr3::sf-0001,1,0,
mp-1187584,TmBr_mp-1187584.cif,TmBr,True,No,True,mp-1187584,TmBr::sf-0001,1,0,
mp-27302,TmCl2_mp-27302.cif,TmCl2,False,Yes,True,mp-27302,TmCl2::sf-0001,1,0,
mp-28044,TmCl3_mp-28044.cif,TmCl3,False,Yes,True,mp-28044,TmCl3::sf-0001,1,0,
mp-1187558,TmF3_mp-1187558.cif,TmF3,True,No,True,mp-1187558,TmF3::sf-0001,1,0,
mp-865194,TmF3_mp-865194.cif,TmF3,True,No,True,mp-865194,TmF3::sf-0002,1,0,
mp-29671,TmI2_mp-29671.cif,TmI2,False,Yes,True,mp-29671,TmI2::sf-0001,1,0,
mp-865353,TmI3_mp-865353.cif,TmI3,True,No,True,mp-865353,TmI3::sf-0001,1,0,
mp-20276,U2F9_mp-20276.cif,U2F9,False,Yes,True,mp-20276,U2F9::sf-0001,1,0,
mp-1187624,U3Cl_mp-1187624.cif,U3Cl,True,No,True,mp-1187624,U3Cl::sf-0001,1,0,
mp-972405,U3Cl_mp-972405.cif,U3Cl,True,No,True,mp-972405,U3Cl::sf-0002,1,0,
mp-23255,UBr3_mp-23255.cif,UBr3,False,Yes,True,mp-23255,UBr3::sf-0001,1,0,
mp-27153,UBr4_mp-27153.cif,UBr4,False,Yes,True,mp-27153,UBr4::sf-0001,1,0,
mp-1420476,UBr5_mp-1420476.cif,UBr5,True,No,True,mp-1420476,UBr5::sf-0001,1,0,
mp-29263,UBr5_mp-29263.cif,UBr5,False,Yes,True,mp-29263,UBr5::sf-0002,1,0,
mp-1187794,UBr_mp-1187794.cif,UBr,True,No,True,mp-1187794,UBr::sf-0001,1,0,
mp-1208294,UCl2_mp-1208294.cif,UCl2,True,No,True,mp-1208294,UCl2::sf-0001,1,0,
mp-23208,UCl3_mp-23208.cif,UCl3,False,Yes,True,mp-23208,UCl3::sf-0001,1,0,
mp-23235,UCl4_mp-23235.cif,UCl4,False,Yes,True,mp-23235,UCl4::sf-0001,1,0,
mp-1419122,UCl5_mp-1419122.cif,UCl5,True,No,True,mp-1419122,UCl5::sf-0001,1,0,
mp-27240,UCl5_mp-27240.cif,UCl5,False,Yes,True,mp-27240,UCl5::sf-0002,1,0,
mp-570989,UCl5_mp-570989.cif,UCl5,False,Yes,True,mp-570989,UCl5::sf-0003,1,0,
mp-23250,UCl6_mp-23250.cif,UCl6,False,Yes,True,mp-23250,UCl6::sf-0001,1,0,
mp-1187747,UF3_mp-1187747.cif,UF3,True,No,True,mp-1187747,UF3::sf-0001,1,0,
mp-1216702,UF3_mp-1216702.cif,UF3,True,No,True,mp-1216702,UF3::sf-0002,1,0,
mp-18299,UF3_mp-18299.cif,UF3,False,Yes,True,mp-18299,UF3::sf-0003,1,0,
mp-865239,UF3_mp-865239.cif,UF3,True,No,True,mp-865239,UF3::sf-0004,1,0,
mp-287,UF4_mp-287.cif,UF4,False,Yes,True,mp-287,UF4::sf-0001,1,0,
mp-1759,UF5_mp-1759.cif,UF5,False,Yes,True,mp-1759,UF5::sf-0001,1,0,
mp-1760,UF5_mp-1760.cif,UF5,False,Yes,True,mp-1760,UF5::sf-0002,1,0,
mp-1852,UF5_mp-1852.cif,UF5,False,Yes,True,mp-1852,UF5::sf-0003,1,0,
mp-2275,UF6_mp-2275.cif,UF6,False,Yes,True,mp-2275,UF6::sf-0001,1,0,
mp-672341,UF6_mp-672341.cif,UF6,True,No,True,mp-672341,UF6::sf-0002,1,0,
mp-1187763,UF_mp-1187763.cif,UF,True,No,True,mp-1187763,UF::sf-0001,1,0,
mp-23244,UI3_mp-23244.cif,UI3,False,Yes,True,mp-23244,UI3::sf-0001,1,0,
mp-612520,UI4_mp-612520.cif,UI4,True,No,True,mp-612520,UI4::sf-0001,1,0,
mp-655360,UI4_mp-655360.cif,UI4,False,Yes,True,mp-655360,UI4::sf-0002,1,0,
mp-759957,V2F7_mp-759957.cif,V2F7,True,No,True,mp-759957,V2F7::sf-0001,1,0,
mp-760218,V2F7_mp-760218.cif,V2F7,True,No,True,mp-760218,V2F7::sf-0002,1,0,
mp-1101228,V2F9_mp-1101228.cif,V2F9,True,No,True,mp-1101228,V2F9::sf-0001,2,1,mp-1101229
mp-1101229,V2F9_mp-1101229.cif,V2F9,True,No,False,mp-1101228,V2F9::sf-0001,2,1,mp-1101228
mp-1187734,V3Br_mp-1187734.cif,V3Br,True,No,True,mp-1187734,V3Br::sf-0001,1,0,
mp-1101191,V3F10_mp-1101191.cif,V3F10,True,No,True,mp-1101191,V3F10::sf-0001,2,1,mp-765637
mp-765637,V3F10_mp-765637.cif,V3F10,True,No,False,mp-1101191,V3F10::sf-0001,2,1,mp-1101191
mp-768262,V3F10_mp-768262.cif,V3F10,True,No,True,mp-768262,V3F10::sf-0002,1,0,
mp-1187787,V3F_mp-1187787.cif,V3F,True,No,True,mp-1187787,V3F::sf-0001,1,0,
mp-760030,V5F11_mp-760030.cif,V5F11,True,No,True,mp-760030,V5F11::sf-0001,1,0,
mp-760168,V6F13_mp-760168.cif,V6F13,True,No,True,mp-760168,V6F13::sf-0001,1,0,
mp-971787,VBr2_mp-971787.cif,VBr2,False,Yes,True,mp-971787,VBr2::sf-0001,1,0,
mp-1546306,VBr3_mp-1546306.cif,VBr3,True,No,False,mp-865473,VBr3::sf-0001,3,2,mp-2757308;mp-865473
mp-2757308,VBr3_mp-2757308.cif,VBr3,True,No,False,mp-865473,VBr3::sf-0001,3,2,mp-1546306;mp-865473
mp-865473,VBr3_mp-865473.cif,VBr3,True,No,True,mp-865473,VBr3::sf-0001,3,2,mp-1546306;mp-2757308
mp-22877,VCl2_mp-22877.cif,VCl2,False,Yes,True,mp-22877,VCl2::sf-0001,1,0,
mp-28117,VCl3_mp-28117.cif,VCl3,False,Yes,True,mp-28117,VCl3::sf-0001,1,0,
mp-1205372,VCl4_mp-1205372.cif,VCl4,False,Yes,True,mp-1205372,VCl4::sf-0001,2,1,mp-2051057
mp-2051057,VCl4_mp-2051057.cif,VCl4,True,No,False,mp-1205372,VCl4::sf-0001,2,1,mp-1205372
mp-570763,VCl4_mp-570763.cif,VCl4,True,No,True,mp-570763,VCl4::sf-0002,1,0,
mp-865511,VCl4_mp-865511.cif,VCl4,True,No,True,mp-865511,VCl4::sf-0003,1,0,
mp-1101909,VCl5_mp-1101909.cif,VCl5,False,Yes,True,mp-1101909,VCl5::sf-0001,1,0,
mp-1420266,VCl5_mp-1420266.cif,VCl5,True,No,True,mp-1420266,VCl5::sf-0002,1,0,
mp-555934,VF2_mp-555934.cif,VF2,False,Yes,True,mp-555934,VF2::sf-0001,1,0,
mp-1178903,VF3_mp-1178903.cif,VF3,True,No,False,mp-559931,VF3::sf-0001,2,1,mp-559931
mp-559931,VF3_mp-559931.cif,VF3,False,Yes,True,mp-559931,VF3::sf-0001,2,1,mp-1178903
mp-759097,VF3_mp-759097.cif,VF3,True,No,True,mp-759097,VF3::sf-0002,1,0,
mp-765663,VF3_mp-765663.cif,VF3,True,No,True,mp-765663,VF3::sf-0003,1,0,
mp-1101190,VF4_mp-1101190.cif,VF4,True,No,False,mp-759972,VF4::sf-0001,4,3,mp-2030706;mp-2039668;mp-759972
mp-1101193,VF4_mp-1101193.cif,VF4,True,No,False,mp-757410,VF4::sf-0002,2,1,mp-757410
mp-1388402,VF4_mp-1388402.cif,VF4,True,No,False,mp-1873967,VF4::sf-0003,2,1,mp-1873967
mp-1873967,VF4_mp-1873967.cif,VF4,True,No,True,mp-1873967,VF4::sf-0003,2,1,mp-1388402
mp-2030706,VF4_mp-2030706.cif,VF4,True,No,False,mp-759972,VF4::sf-0001,4,3,mp-1101190;mp-2039668;mp-759972
mp-2039668,VF4_mp-2039668.cif,VF4,True,No,False,mp-759972,VF4::sf-0001,4,3,mp-1101190;mp-2030706;mp-759972
mp-2765625,VF4_mp-2765625.cif,VF4,True,No,False,mp-759340,VF4::sf-0004,2,1,mp-759340
mp-554799,VF4_mp-554799.cif,VF4,False,Yes,True,mp-554799,VF4::sf-0005,1,0,
mp-752887,VF4_mp-752887.cif,VF4,True,No,True,mp-752887,VF4::sf-0006,1,0,
mp-753759,VF4_mp-753759.cif,VF4,True,No,True,mp-753759,VF4::sf-0007,1,0,
mp-757234,VF4_mp-757234.cif,VF4,True,No,True,mp-757234,VF4::sf-0008,1,0,
mp-757410,VF4_mp-757410.cif,VF4,True,No,True,mp-757410,VF4::sf-0002,2,1,mp-1101193
mp-759340,VF4_mp-759340.cif,VF4,True,No,True,mp-759340,VF4::sf-0004,2,1,mp-2765625
mp-759867,VF4_mp-759867.cif,VF4,True,No,True,mp-759867,VF4::sf-0009,1,0,
mp-759937,VF4_mp-759937.cif,VF4,True,No,True,mp-759937,VF4::sf-0010,1,0,
mp-759972,VF4_mp-759972.cif,VF4,True,No,True,mp-759972,VF4::sf-0001,4,3,mp-1101190;mp-2030706;mp-2039668
mp-760249,VF4_mp-760249.cif,VF4,True,No,True,mp-760249,VF4::sf-0011,1,0,
mp-765724,VF4_mp-765724.cif,VF4,True,No,True,mp-765724,VF4::sf-0012,1,0,
mp-850937,VF4_mp-850937.cif,VF4,True,No,True,mp-850937,VF4::sf-0013,1,0,
mp-863400,VF4_mp-863400.cif,VF4,True,No,True,mp-863400,VF4::sf-0014,1,0,
mp-1047795,VF5_mp-1047795.cif,VF5,True,No,True,mp-1047795,VF5::sf-0001,1,0,
mp-1101189,VF5_mp-1101189.cif,VF5,True,No,True,mp-1101189,VF5::sf-0002,2,1,mp-752600
mp-1101210,VF5_mp-1101210.cif,VF5,True,No,True,mp-1101210,VF5::sf-0003,1,0,
mp-1160849,VF5_mp-1160849.cif,VF5,True,No,True,mp-1160849,VF5::sf-0004,2,1,mp-2041039
mp-1443442,VF5_mp-1443442.cif,VF5,True,No,True,mp-1443442,VF5::sf-0005,1,0,
mp-2017776,VF5_mp-2017776.cif,VF5,True,No,True,mp-2017776,VF5::sf-0006,2,1,mp-756640
mp-2041039,VF5_mp-2041039.cif,VF5,,unknown,False,mp-1160849,VF5::sf-0004,2,1,mp-1160849
mp-27309,VF5_mp-27309.cif,VF5,False,Yes,True,mp-27309,VF5::sf-0007,1,0,
mp-752600,VF5_mp-752600.cif,VF5,True,No,False,mp-1101189,VF5::sf-0002,2,1,mp-1101189
mp-752907,VF5_mp-752907.cif,VF5,True,No,True,mp-752907,VF5::sf-0008,1,0,
mp-752912,VF5_mp-752912.cif,VF5,True,No,True,mp-752912,VF5::sf-0009,1,0,
mp-753265,VF5_mp-753265.cif,VF5,True,No,True,mp-753265,VF5::sf-0010,1,0,
mp-753449,VF5_mp-753449.cif,VF5,True,No,True,mp-753449,VF5::sf-0011,1,0,
mp-756640,VF5_mp-756640.cif,VF5,True,No,False,mp-2017776,VF5::sf-0006,2,1,mp-2017776
mp-757128,VF5_mp-757128.cif,VF5,True,No,True,mp-757128,VF5::sf-0012,1,0,
mp-757854,VF5_mp-757854.cif,VF5,True,No,True,mp-757854,VF5::sf-0013,1,0,
mp-758214,VF5_mp-758214.cif,VF5,True,No,True,mp-758214,VF5::sf-0014,1,0,
mp-760250,VF5_mp-760250.cif,VF5,True,No,True,mp-760250,VF5::sf-0015,1,0,
mp-760312,VF5_mp-760312.cif,VF5,True,No,True,mp-760312,VF5::sf-0016,1,0,
mp-760320,VF5_mp-760320.cif,VF5,True,No,True,mp-760320,VF5::sf-0017,1,0,
mp-764959,VF5_mp-764959.cif,VF5,True,No,True,mp-764959,VF5::sf-0018,1,0,
mp-765600,VF5_mp-765600.cif,VF5,True,No,True,mp-765600,VF5::sf-0019,1,0,
mp-765621,VF5_mp-765621.cif,VF5,True,No,True,mp-765621,VF5::sf-0020,1,0,
mp-765624,VF5_mp-765624.cif,VF5,True,No,True,mp-765624,VF5::sf-0021,1,0,
mp-765646,VF5_mp-765646.cif,VF5,True,No,True,mp-765646,VF5::sf-0022,1,0,
mp-1018138,VI2_mp-1018138.cif,VI2,False,Yes,True,mp-1018138,VI2::sf-0001,1,0,
mp-1052892,VI3_mp-1052892.cif,VI3,True,No,False,mp-865493,VI3::sf-0001,3,2,mp-2050200;mp-865493
mp-2050200,VI3_mp-2050200.cif,VI3,True,No,False,mp-865493,VI3::sf-0001,3,2,mp-1052892;mp-865493
mp-865493,VI3_mp-865493.cif,VI3,True,No,True,mp-865493,VI3::sf-0001,3,2,mp-1052892;mp-2050200
mp-1187728,VI_mp-1187728.cif,VI,True,No,True,mp-1187728,VI::sf-0001,1,0,
mp-1204035,W15I47_mp-1204035.cif,W15I47,False,Yes,True,mp-1204035,W15I47::sf-0001,1,0,
mp-1197907,W2Br5_mp-1197907.cif,W2Br5,False,Yes,True,mp-1197907,W2Br5::sf-0001,1,0,
mp-28880,W3Br7_mp-28880.cif,W3Br7,False,Yes,True,mp-28880,W3Br7::sf-0001,1,0,
mp-27765,W3Br8_mp-27765.cif,W3Br8,False,Yes,True,mp-27765,W3Br8::sf-0001,1,0,
mp-1196387,W3I8_mp-1196387.cif,W3I8,False,Yes,True,mp-1196387,W3I8::sf-0001,1,0,
mp-1194880,W5I16_mp-1194880.cif,W5I16,False,Yes,True,mp-1194880,W5I16::sf-0001,1,0,
mp-29498,WBr2_mp-29498.cif,WBr2,False,Yes,True,mp-29498,WBr2::sf-0001,1,0,
mp-1078239,WBr4_mp-1078239.cif,WBr4,False,Yes,True,mp-1078239,WBr4::sf-0001,1,0,
mp-1095321,WBr5_mp-1095321.cif,WBr5,False,Yes,True,mp-1095321,WBr5::sf-0001,1,0,
mp-1436789,WBr5_mp-1436789.cif,WBr5,True,No,True,mp-1436789,WBr5::sf-0002,1,0,
mp-29554,WBr5_mp-29554.cif,WBr5,False,Yes,True,mp-29554,WBr5::sf-0003,1,0,
mp-28483,WBr6_mp-28483.cif,WBr6,False,Yes,True,mp-28483,WBr6::sf-0001,1,0,
mp-1207828,WCl2_mp-1207828.cif,WCl2,True,No,True,mp-1207828,WCl2::sf-0001,1,0,
mp-23269,WCl3_mp-23269.cif,WCl3,False,Yes,True,mp-23269,WCl3::sf-0001,1,0,
mp-980949,WCl4_mp-980949.cif,WCl4,False,Yes,True,mp-980949,WCl4::sf-0001,1,0,
mp-27160,WCl5_mp-27160.cif,WCl5,False,Yes,True,mp-27160,WCl5::sf-0001,1,0,
mp-23178,WCl6_mp-23178.cif,WCl6,False,Yes,True,mp-23178,WCl6::sf-0001,1,0,
mp-571518,WCl6_mp-571518.cif,WCl6,False,Yes,True,mp-571518,WCl6::sf-0002,1,0,
mp-1402840,WF4_mp-1402840.cif,WF4,True,No,True,mp-1402840,WF4::sf-0001,1,0,
mp-2751956,WF4_mp-2751956.cif,WF4,True,No,True,mp-2751956,WF4::sf-0002,1,0,
mp-1047615,WF5_mp-1047615.cif,WF5,True,No,True,mp-1047615,WF5::sf-0001,1,0,
mp-1367785,WF5_mp-1367785.cif,WF5,True,No,True,mp-1367785,WF5::sf-0002,1,0,
mp-1386198,WF5_mp-1386198.cif,WF5,True,No,True,mp-1386198,WF5::sf-0003,1,0,
mp-1390563,WF5_mp-1390563.cif,WF5,True,No,True,mp-1390563,WF5::sf-0004,1,0,
mp-555003,WF6_mp-555003.cif,WF6,False,Yes,True,mp-555003,WF6::sf-0001,1,0,
mp-1207889,WI2_mp-1207889.cif,WI2,True,No,True,mp-1207889,WI2::sf-0001,1,0,
mp-1196036,WI3_mp-1196036.cif,WI3,False,Yes,True,mp-1196036,WI3::sf-0001,1,0,
mp-1195045,WI4_mp-1195045.cif,WI4,False,Yes,True,mp-1195045,WI4::sf-0001,1,0,
mp-22885,XeF2_mp-22885.cif,XeF2,False,Yes,True,mp-22885,XeF2::sf-0001,1,0,
mp-561153,XeF3_mp-561153.cif,XeF3,False,Yes,True,mp-561153,XeF3::sf-0001,1,0,
mp-23185,XeF4_mp-23185.cif,XeF4,False,Yes,True,mp-23185,XeF4::sf-0001,1,0,
mp-560366,XeF6_mp-560366.cif,XeF6,False,Yes,True,mp-560366,XeF6::sf-0001,1,0,
mp-641661,XeF6_mp-641661.cif,XeF6,False,Yes,True,mp-641661,XeF6::sf-0002,1,0,
mp-641678,XeF6_mp-641678.cif,XeF6,False,Yes,True,mp-641678,XeF6::sf-0003,1,0,
mp-1205567,Y2Br3_mp-1205567.cif,Y2Br3,True,No,True,mp-1205567,Y2Br3::sf-0001,1,0,
mp-27678,Y2Cl3_mp-27678.cif,Y2Cl3,False,Yes,True,mp-27678,Y2Cl3::sf-0001,1,0,
mp-865534,YBr2_mp-865534.cif,YBr2,True,No,True,mp-865534,YBr2::sf-0001,1,0,
mp-754815,YBr3_mp-754815.cif,YBr3,True,No,True,mp-754815,YBr3::sf-0001,1,0,
mp-865605,YBr3_mp-865605.cif,YBr3,True,No,True,mp-865605,YBr3::sf-0002,1,0,
mp-27455,YCl3_mp-27455.cif,YCl3,False,Yes,True,mp-27455,YCl3::sf-0001,1,0,
mp-540884,YCl_mp-540884.cif,YCl,False,Yes,True,mp-540884,YCl::sf-0001,1,0,
mp-1191736,YF3_mp-1191736.cif,YF3,False,Yes,True,mp-1191736,YF3::sf-0001,1,0,
mp-2416,YF3_mp-2416.cif,YF3,False,Yes,True,mp-2416,YF3::sf-0002,1,0,
mp-556242,YF3_mp-556242.cif,YF3,False,Yes,True,mp-556242,YF3::sf-0003,1,0,
mp-571442,YI3_mp-571442.cif,YI3,False,Yes,True,mp-571442,YI3::sf-0001,1,0,
mp-1065933,YI_mp-1065933.cif,YI,False,Yes,True,mp-1065933,YI::sf-0001,1,0,
mp-1071541,YbBr2_mp-1071541.cif,YbBr2,False,Yes,False,mp-22882,YbBr2::sf-0001,2,1,mp-22882
mp-22882,YbBr2_mp-22882.cif,YbBr2,False,Yes,True,mp-22882,YbBr2::sf-0001,2,1,mp-1071541
mp-571232,YbBr2_mp-571232.cif,YbBr2,False,Yes,True,mp-571232,YbBr2::sf-0002,1,0,
mp-685068,YbBr3_mp-685068.cif,YbBr3,True,No,True,mp-685068,YbBr3::sf-0001,1,0,
mp-1187907,YbBr_mp-1187907.cif,YbBr,True,No,True,mp-1187907,YbBr::sf-0001,1,0,
mp-865716,YbCl2_mp-865716.cif,YbCl2,True,No,True,mp-865716,YbCl2::sf-0001,1,0,
mp-1025400,YbCl3_mp-1025400.cif,YbCl3,True,No,True,mp-1025400,YbCl3::sf-0001,1,0,
mp-3216222,YbCl3_mp-3216222.cif,YbCl3,True,No,True,mp-3216222,YbCl3::sf-0002,1,0,
mp-865934,YbF2_mp-865934.cif,YbF2,True,No,True,mp-865934,YbF2::sf-0001,1,0,
mp-1187594,YbF3_mp-1187594.cif,YbF3,True,No,True,mp-1187594,YbF3::sf-0001,1,0,
mp-1187637,YbF3_mp-1187637.cif,YbF3,True,No,True,mp-1187637,YbF3::sf-0002,1,0,
mp-22072,YbF3_mp-22072.cif,YbF3,False,Yes,True,mp-22072,YbF3::sf-0003,1,0,
mp-3217157,YbF_mp-3217157.cif,YbF,True,No,True,mp-3217157,YbF::sf-0001,1,0,
mp-570418,YbI2_mp-570418.cif,YbI2,False,Yes,True,mp-570418,YbI2::sf-0001,1,0,
mp-1178766,ZnBr2_mp-1178766.cif,ZnBr2,True,No,True,mp-1178766,ZnBr2::sf-0001,1,0,
mp-569960,ZnBr2_mp-569960.cif,ZnBr2,False,Yes,True,mp-569960,ZnBr2::sf-0002,1,0,
mp-647579,ZnBr2_mp-647579.cif,ZnBr2,False,Yes,True,mp-647579,ZnBr2::sf-0003,1,0,
mp-1206305,ZnBr6_mp-1206305.cif,ZnBr6,True,No,True,mp-1206305,ZnBr6::sf-0001,1,0,
mp-22889,ZnCl2_mp-22889.cif,ZnCl2,False,Yes,True,mp-22889,ZnCl2::sf-0001,1,0,
mp-22909,ZnCl2_mp-22909.cif,ZnCl2,False,Yes,True,mp-22909,ZnCl2::sf-0002,1,0,
mp-567279,ZnCl2_mp-567279.cif,ZnCl2,False,Yes,True,mp-567279,ZnCl2::sf-0003,1,0,
mp-571540,ZnCl2_mp-571540.cif,ZnCl2,False,Yes,True,mp-571540,ZnCl2::sf-0004,1,0,
mp-1238832,ZnCl3_mp-1238832.cif,ZnCl3,True,No,True,mp-1238832,ZnCl3::sf-0001,1,0,
mp-1873,ZnF2_mp-1873.cif,ZnF2,False,Yes,True,mp-1873,ZnF2::sf-0001,1,0,
mp-7709,ZnF2_mp-7709.cif,ZnF2,False,Yes,True,mp-7709,ZnF2::sf-0002,1,0,
mp-27161,ZnI2_mp-27161.cif,ZnI2,False,Yes,True,mp-27161,ZnI2::sf-0001,1,0,
mp-570964,ZnI2_mp-570964.cif,ZnI2,True,No,True,mp-570964,ZnI2::sf-0002,1,0,
mp-571292,ZnI2_mp-571292.cif,ZnI2,False,Yes,True,mp-571292,ZnI2::sf-0003,1,0,
mp-1206190,ZnI6_mp-1206190.cif,ZnI6,True,No,True,mp-1206190,ZnI6::sf-0001,1,0,
mp-648774,Zr2Cl5_mp-648774.cif,Zr2Cl5,False,Yes,True,mp-648774,Zr2Cl5::sf-0001,1,0,
mp-1188037,Zr3Br_mp-1188037.cif,Zr3Br,True,No,True,mp-1188037,Zr3Br::sf-0001,1,0,
mp-1188032,Zr3Cl_mp-1188032.cif,Zr3Cl,True,No,True,mp-1188032,Zr3Cl::sf-0001,1,0,
mp-1188012,Zr3I_mp-1188012.cif,Zr3I,True,No,True,mp-1188012,Zr3I::sf-0001,1,0,
mp-1338653,Zr5I18_mp-1338653.cif,Zr5I18,True,No,True,mp-1338653,Zr5I18::sf-0001,1,0,
mp-684985,Zr5I18_mp-684985.cif,Zr5I18,True,No,True,mp-684985,Zr5I18::sf-0002,1,0,
mp-28495,ZrBr2_mp-28495.cif,ZrBr2,False,Yes,True,mp-28495,ZrBr2::sf-0001,1,0,
mp-23247,ZrBr3_mp-23247.cif,ZrBr3,False,Yes,True,mp-23247,ZrBr3::sf-0001,1,0,
mp-1207486,ZrBr4_mp-1207486.cif,ZrBr4,True,No,True,mp-1207486,ZrBr4::sf-0001,1,0,
mp-1065846,ZrBr_mp-1065846.cif,ZrBr,False,Yes,False,mp-504594,ZrBr::sf-0001,2,1,mp-504594
mp-1066783,ZrBr_mp-1066783.cif,ZrBr,False,Yes,True,mp-1066783,ZrBr::sf-0002,1,0,
mp-504594,ZrBr_mp-504594.cif,ZrBr,False,Yes,True,mp-504594,ZrBr::sf-0001,2,1,mp-1065846
mp-23162,ZrCl2_mp-23162.cif,ZrCl2,False,Yes,True,mp-23162,ZrCl2::sf-0001,1,0,
mp-571537,ZrCl2_mp-571537.cif,ZrCl2,False,Yes,True,mp-571537,ZrCl2::sf-0002,1,0,
mp-1100795,ZrCl3_mp-1100795.cif,ZrCl3,True,No,True,mp-1100795,ZrCl3::sf-0001,2,1,mp-685155
mp-1192044,ZrCl3_mp-1192044.cif,ZrCl3,False,Yes,True,mp-1192044,ZrCl3::sf-0002,1,0,
mp-22871,ZrCl3_mp-22871.cif,ZrCl3,False,Yes,True,mp-22871,ZrCl3::sf-0003,1,0,
mp-2353328,ZrCl3_mp-2353328.cif,ZrCl3,True,No,True,mp-2353328,ZrCl3::sf-0004,2,1,mp-569391
mp-569391,ZrCl3_mp-569391.cif,ZrCl3,False,Yes,False,mp-2353328,ZrCl3::sf-0004,2,1,mp-2353328
mp-685155,ZrCl3_mp-685155.cif,ZrCl3,True,No,False,mp-1100795,ZrCl3::sf-0001,2,1,mp-1100795
mp-569175,ZrCl4_mp-569175.cif,ZrCl4,False,Yes,True,mp-569175,ZrCl4::sf-0001,1,0,
mp-1067974,ZrCl_mp-1067974.cif,ZrCl,False,Yes,True,mp-1067974,ZrCl::sf-0001,1,0,
mp-27440,ZrCl_mp-27440.cif,ZrCl,False,Yes,True,mp-27440,ZrCl::sf-0002,1,0,
mp-1105223,ZrF4_mp-1105223.cif,ZrF4,False,Yes,True,mp-1105223,ZrF4::sf-0001,1,0,
mp-1194272,ZrF4_mp-1194272.cif,ZrF4,False,Yes,True,mp-1194272,ZrF4::sf-0002,1,0,
mp-34260,ZrF4_mp-34260.cif,ZrF4,True,No,True,mp-34260,ZrF4::sf-0003,1,0,
mp-561384,ZrF4_mp-561384.cif,ZrF4,False,Yes,True,mp-561384,ZrF4::sf-0004,1,0,
mp-28241,ZrI2_mp-28241.cif,ZrI2,False,Yes,True,mp-28241,ZrI2::sf-0001,1,0,
mp-570506,ZrI2_mp-570506.cif,ZrI2,False,Yes,True,mp-570506,ZrI2::sf-0002,1,0,
mp-571279,ZrI2_mp-571279.cif,ZrI2,False,Yes,True,mp-571279,ZrI2::sf-0003,1,0,
mp-23282,ZrI3_mp-23282.cif,ZrI3,False,Yes,False,mp-570188,ZrI3::sf-0001,2,1,mp-570188
mp-570188,ZrI3_mp-570188.cif,ZrI3,True,No,True,mp-570188,ZrI3::sf-0001,2,1,mp-23282
mp-1188071,ZrI4_mp-1188071.cif,ZrI4,True,No,True,mp-1188071,ZrI4::sf-0001,1,0,
mp-541112,ZrI4_mp-541112.cif,ZrI4,False,Yes,True,mp-541112,ZrI4::sf-0002,1,0,
mp-571235,ZrI4_mp-571235.cif,ZrI4,False,Yes,True,mp-571235,ZrI4::sf-0003,1,0,
