config,formula,best_structure_score,formula_background_percentile,reserved_formula
short,AcBr3,0.8266618251800537,20.417633410672853,False
short,AcCl3,0.8295347690582275,23.201856148491878,False
short,Ag2F5,0.9407604932785034,78.65429234338747,False
short,Ag2F,0.29948320984840393,0.23201856148491878,False
short,Ag3F8,0.9358555674552917,74.47795823665894,False
short,AgBr,0.6950038075447083,4.872389791183294,False
short,AgCl,0.7046929597854614,6.960556844547564,False
short,AgF2,0.9097384214401245,54.75638051044084,False
short,AgF,0.6950038075447083,4.872389791183294,False
short,AgI,0.7906069755554199,14.849187935034802,False
short,AlBr3,0.9962214231491089,100.0,True
short,AlCl3,0.9299169778823853,67.74941995359629,True
short,AlF3,0.9493364095687866,83.9907192575406,False
short,AlI3,0.9928375482559204,100.0,False
short,Au3F8,0.9518622159957886,85.84686774941996,False
short,AuBr3,0.9717106819152832,95.35962877030161,False
short,AuBr,0.7699035406112671,12.761020881670534,False
short,AuCl2,0.9637832641601562,92.11136890951276,False
short,AuCl3,0.9802014827728271,97.21577726218096,False
short,AuCl,0.7497169971466064,11.1368909512761,False
short,AuF5,0.9310309886932373,70.53364269141531,False
short,AuI,0.7744385004043579,13.225058004640372,False
short,BaBr2,0.8235045075416565,19.489559164733176,False
short,BaCl2,0.8270889520645142,20.649651972157773,False
short,BaF2,0.8353986740112305,26.450116009280745,False
short,BaF3,0.900326669216156,51.972157772621806,False
short,BaI2,0.8261265754699707,20.185614849187935,False
short,BeBr2,0.9806303977966309,97.4477958236659,False
short,BeCl2,0.9881658554077148,99.07192575406032,False
short,BeF2,0.9848330020904541,98.83990719257541,False
short,BeI2,0.981671154499054,97.91183294663574,False
short,Bi4I,0.31395769119262695,0.6960556844547563,False
short,Bi6Br7,0.7697000503540039,12.529002320185615,False
short,Bi6Cl7,0.7853586077690125,13.921113689095128,False
short,Bi9I2,0.3125629425048828,0.46403712296983757,False
short,BiBr3,0.9264992475509644,66.5893271461717,False
short,BiBr,0.762592077255249,12.064965197215777,False
short,BiCl3,0.9071942567825317,53.82830626450116,False
short,BiF3,0.8308762907981873,24.361948955916475,False
short,BiF5,0.9090041518211365,54.292343387471,False
short,BiI3,0.890547513961792,47.56380510440835,False
short,BiI,0.77397620677948,12.993039443155451,False
short,CaBr2,0.8695464730262756,39.675174013921115,False
short,CaCl2,0.9576624631881714,88.63109048723898,False
short,CaF2,0.8237453699111938,19.721577726218097,False
short,CaI2,0.868504524230957,38.74709976798144,False
short,Cd13I28,0.9124548435211182,56.61252900232019,False
short,CdBr2,0.8728797435760498,40.60324825986079,False
short,CdCl2,0.8772927522659302,42.459396751740144,False
short,CdCl4,0.9544463753700256,87.23897911832947,False
short,CdF2,0.8224852085113525,19.25754060324826,False
short,CdI2,0.9145986437797546,58.0046403712297,False
short,Ce2Br5,0.8545920848846436,32.94663573085847,False
short,CeBr3,0.8334635496139526,25.52204176334107,False
short,CeCl3,0.8288248181343079,22.73781902552204,False
short,CeF3,0.8446100950241089,27.842227378190255,False
short,CeF4,0.8662245273590088,37.12296983758701,False
short,CoBr2,0.8924270868301392,48.95591647331787,False
short,CoBr,0.6743028163909912,1.3921113689095126,False
short,CoCl2,0.8916162848472595,48.49187935034803,False
short,CoF2,0.882510781288147,44.31554524361949,False
short,CoF3,0.914528489112854,57.772621809744784,False
short,CoI2,0.8915654420852661,48.25986078886311,False
short,Cr2F5,0.9343419075012207,73.08584686774941,False
short,CrBr2,0.9306119680404663,68.90951276102089,False
short,CrBr3,0.9200952053070068,62.18097447795824,False
short,CrCl2,0.9368197917938232,75.1740139211137,False
short,CrCl3,0.9666962623596191,93.50348027842227,False
short,CrF2,0.914213240146637,57.540603248259856,False
short,CrF3,0.9052229523658752,53.1322505800464,False
short,CrF4,0.9783328771591187,96.51972157772622,False
short,CrF5,0.9677290916442871,94.43155452436194,False
short,CrI2,0.9425102472305298,79.58236658932715,False
short,CsBr3,0.9456682801246643,81.20649651972158,False
short,CsBr,0.6950038075447083,4.872389791183294,False
short,CsCl,0.6950037479400635,3.480278422273782,False
short,CsF,0.6950037479400635,3.480278422273782,False
short,CsI3,0.9435357451438904,80.51044083526682,False
short,CsI4,0.9355791807174683,74.0139211136891,False
short,CsI,0.7145286798477173,7.888631090487238,False
short,CuBr2,0.9555458426475525,87.70301624129931,False
short,CuBr,0.784555971622467,13.45707656612529,False
short,CuCl2,0.9441434144973755,80.74245939675174,False
short,CuCl,0.7867141366004944,14.385150812064964,False
short,CuF2,0.9102897644042969,55.4524361948956,False
short,CuF,0.7846079468727112,13.68909512761021,False
short,CuI,0.8312441110610962,25.05800464037123,False
short,Dy5Cl11,0.8761804699897766,41.76334106728538,False
short,DyBr2,0.8476399183273315,28.770301624129928,False
short,DyCl3,0.8557501435279846,33.17865429234338,False
short,Er4I5,0.7336317896842957,10.672853828306264,False
short,Er6I7,0.7653542757034302,12.296983758700696,False
short,ErF3,0.8211901783943176,17.633410672853827,False
short,EuBr2,0.8300480842590332,23.4338747099768,False
short,EuCl2,0.8220434188842773,18.097447795823665,False
short,EuCl3,0.8319058418273926,25.290023201856147,False
short,EuF2,0.8224852085113525,19.25754060324826,False
short,EuF3,0.8304980397224426,24.129930394431554,False
short,EuI2,0.8516825437545776,30.62645011600928,False
short,FeBr2,0.8911725282669067,47.79582366589327,False
short,FeBr3,0.9173234701156616,59.86078886310905,False
short,FeCl2,0.8899093866348267,47.33178654292343,False
short,FeCl3,0.9472475051879883,81.90255220417633,True
short,FeF2,0.8984025716781616,51.508120649651964,False
short,FeF3,0.9272302389144897,67.05336426914154,False
short,FeI2,0.8876651525497437,45.93967517401392,False
short,Ga2I3,0.9176481366157532,60.092807424593964,False
short,Ga3Cl7,0.9901580810546875,99.30394431554525,False
short,GaBr2,0.9736253023147583,95.59164733178655,False
short,GaBr3,0.9926853179931641,99.76798143851508,False
short,GaCl2,0.9664715528488159,93.27146171693735,False
short,GaCl3,1.0,100.0,True
short,GaF3,0.9081869721412659,54.060324825986086,True
short,GaI2,0.9786688685417175,96.75174013921114,False
short,GaI3,0.991146981716156,99.53596287703016,False
short,Gd2Br3,0.809433102607727,15.54524361948956,False
short,Gd2Cl3,0.8133760690689087,16.009280742459396,False
short,GdBr3,0.9092621803283691,54.524361948955914,False
short,GdBr,0.6863878965377808,2.088167053364269,False
short,GdCl3,0.8352731466293335,26.218097447795824,False
short,HfCl4,0.9615992903709412,90.95127610208816,False
short,HfF4,0.8663762211799622,37.35498839907193,False
short,HfI3,0.9118185043334961,55.91647331786543,False
short,HfI4,0.9702636003494263,94.89559164733178,False
short,HgBr2,0.9580504298210144,88.8631090487239,False
short,HgBr,0.7268037796020508,9.51276102088167,False
short,HgCl2,0.9475751519203186,82.36658932714617,False
short,HgCl,0.7327587008476257,10.440835266821345,False
short,HgF2,0.8224852085113525,19.25754060324826,False
short,HgF,0.7286913394927979,9.976798143851507,False
short,HgI2,0.958832859992981,89.32714617169374,False
short,HgI,0.7176513671875,8.584686774941995,False
short,HoF3,0.8209306597709656,17.40139211136891,False
short,In2Cl3,0.8980257511138916,51.27610208816705,False
short,In4Br7,0.9164408445358276,58.46867749419954,False
short,In5Br7,0.9122864007949829,56.148491879350345,False
short,In5Cl9,0.8995173573493958,51.74013921113689,False
short,In7Br9,0.7857670783996582,14.153132250580047,False
short,In7Cl9,0.7877974510192871,14.617169373549885,False
short,InBr2,0.9545336365699768,87.47099767981439,False
short,InBr3,0.9108453989028931,55.68445475638051,True
short,InBr,0.7271804809570312,9.744779582366588,False
short,InCl,0.7386900186538696,10.904872389791183,False
short,InF3,0.8963291645050049,50.580046403712295,False
short,InI2,0.9499370455741882,84.22273781902551,False
short,InI3,0.977380633354187,96.2877030162413,True
short,InI,0.7147213220596313,8.120649651972158,False
short,IrBr3,0.9215415120124817,63.10904872389791,False
short,IrCl3,0.9224710464477539,64.50116009280742,False
short,IrF3,0.8790230751037598,42.69141531322506,False
short,IrF4,0.9309407472610474,70.30162412993039,False
short,IrF6,0.9269803762435913,66.8213457076566,False
short,KBr,0.6950037479400635,3.480278422273782,False
short,KCl,0.6950037479400635,3.480278422273782,False
short,KF3,0.9378707408905029,76.33410672853829,False
short,KF5,0.9199590086936951,61.94895591647332,False
short,KF,0.6950039267539978,6.496519721577726,False
short,KI,0.695003867149353,6.0324825986078885,False
short,La2Br5,0.8521881103515625,31.322505800464036,False
short,La2I5,0.8618489503860474,35.03480278422274,False
short,LaBr2,0.8606524467468262,34.5707656612529,False
short,LaBr3,0.8301407098770142,23.897911832946637,False
short,LaBr,0.7116308212280273,7.424593967517401,False
short,LaCl3,0.8284766674041748,22.041763341067284,False
short,LaCl,0.7551513910293579,11.600928074245939,False
short,LaF3,0.8271880149841309,20.88167053364269,False
short,LaI2,0.8070708513259888,15.31322505800464,False
short,LaI3,0.8498947024345398,29.23433874709977,False
short,LaI,0.6621466875076294,1.160092807424594,False
short,LiBr,0.695003867149353,6.0324825986078885,False
short,LiCl,0.6950038075447083,4.872389791183294,False
short,LiF,0.6950038075447083,4.872389791183294,False
short,LiI,0.7914203405380249,15.081206496519723,False
short,MgBr2,0.8806455731391907,43.619489559164734,False
short,MgCl2,0.8884721994400024,46.8677494199536,False
short,MgF2,0.8754239082336426,41.29930394431555,False
short,MgI2,0.8803159594535828,43.38747099767982,False
short,MnBr2,0.8868370056152344,45.47563805104408,False
short,MnCl2,0.8857616186141968,45.011600928074245,False
short,MnF2,0.879810094833374,43.1554524361949,False
short,MnF3,0.9603316783905029,90.25522041763341,False
short,MnF4,0.9637063145637512,91.87935034802784,False
short,MnI2,0.8837604522705078,44.5475638051044,False
short,MoBr2,0.9140838384628296,57.30858468677494,False
short,MoCl2,0.9177982807159424,60.556844547563806,False
short,MoCl3,0.9303820133209229,68.67749419953596,False
short,MoCl4,0.9660449028015137,93.03944315545245,False
short,MoCl5,0.9515334963798523,85.38283062645012,False
short,MoF3,0.9308048486709595,69.60556844547564,False
short,MoF5,0.9481386542320251,82.5986078886311,False
short,MoF6,0.9674582481384277,93.96751740139212,False
short,MoI2,0.9133217334747314,57.076566125290014,False
short,NaBr,0.6950038075447083,4.872389791183294,False
short,NaCl3,0.8285838961601257,22.2737819025522,False
short,NaCl,0.695003867149353,6.0324825986078885,False
short,NaF,0.6950041055679321,6.728538283062645,False
short,NaI,0.7525083422660828,11.36890951276102,False
short,Nb2F5,0.8715193271636963,40.13921113689095,False
short,Nb3Br8,0.922392725944519,64.03712296983758,False
short,Nb3Cl7,0.9052313566207886,53.36426914153132,False
short,Nb3Cl8,0.9192906618118286,61.48491879350348,False
short,Nb3I8,0.9222950339317322,63.80510440835266,False
short,Nb6I11,0.9050434231758118,52.90023201856149,False
short,NbBr4,0.9417144060134888,79.11832946635731,False
short,NbBr5,0.9427236914634705,79.81438515081206,False
short,NbCl4,0.9492365121841431,83.75870069605568,False
short,NbCl5,0.9517116546630859,85.61484918793504,False
short,NbF3,0.9308044910430908,69.37354988399072,False
short,NbF4,0.9514268040657043,85.1508120649652,False
short,NbF5,0.937110424041748,75.87006960556845,False
short,NbI3,0.9197092652320862,61.7169373549884,False
short,NbI4,0.9311624765396118,70.99767981438515,False
short,NbI5,0.9355116486549377,73.54988399071925,False
short,Nd4Br9,0.8514482975006104,29.930394431554525,False
short,NdBr3,0.8484134674072266,29.00232018561485,False
short,NdCl2,0.8419137001037598,26.91415313225058,False
short,NdCl3,0.8300580978393555,23.665893271461716,False
short,NdF3,0.8425636291503906,27.37819025522042,False
short,NdI2,0.8104259967803955,15.777262180974477,False
short,NiBr2,0.8972800970077515,51.04408352668214,False
short,NiCl2,0.8938978314399719,49.88399071925754,False
short,NiF2,0.8752493858337402,40.835266821345705,False
short,NiF3,0.9218056201934814,63.341067285382834,False
short,NiI2,0.8956331014633179,50.34802784222738,False
short,NpBr3,0.8516510725021362,30.39443155452436,False
short,NpCl3,0.8283624053001404,21.809744779582367,False
short,NpF3,0.8272252082824707,21.11368909512761,False
short,NpF4,0.8665546178817749,37.81902552204176,False
short,NpI3,0.8534888625144958,32.01856148491879,False
short,OsBr4,0.9470514059066772,81.90255220417633,False
short,OsCl4,0.9500748515129089,84.45475638051045,False
short,OsF5,0.9357067942619324,74.24593967517401,False
short,OsF6,0.9279721975326538,67.28538283062645,False
short,PaBr4,0.8630072474479675,35.730858468677496,False
short,PaBr5,0.9299269914627075,67.98143851508121,False
short,PaCl4,0.8620124459266663,35.266821345707655,False
short,PaCl5,0.9308082461357117,69.83758700696056,False
short,PbBr2,0.8576384782791138,34.106728538283065,False
short,PbCl2,0.8461326360702515,28.306264501160094,False
short,PbCl4,0.9521065950393677,86.07888631090486,False
short,PbF2,0.8344821929931641,25.986078886310903,False
short,PbF4,0.9211626052856445,62.87703016241299,False
short,PbI2,0.8645575642585754,35.96287703016242,False
short,PdBr2,0.9415627717971802,78.88631090487239,False
short,PdCl2,0.9658642411231995,92.80742459396751,False
short,PdF2,0.8753514289855957,41.067285382830626,False
short,PdF3,0.9394998550415039,77.9582366589327,False
short,PdF4,0.9329860210418701,72.15777262180974,False
short,PdI2,0.9512009024620056,84.91879350348029,False
short,Pr2Br5,0.8515030145645142,30.162412993039446,False
short,Pr2I5,0.8673458695411682,38.05104408352668,False
short,PrBr3,0.8312000036239624,24.825986078886313,False
short,PrCl3,0.8290958404541016,22.96983758700696,False
short,PrF3,0.8134077787399292,16.241299303944317,False
short,PrI2,0.85187828540802,31.09048723897912,False
short,Pt3I8,0.9562928676605225,87.93503480278422,False
short,PtBr3,0.939441442489624,77.7262180974478,False
short,PtCl2,0.9483945369720459,83.06264501160094,False
short,PtCl3,0.9431713819503784,80.2784222737819,False
short,PtCl4,0.9848325848579407,98.60788863109049,False
short,PtF4,0.9250805377960205,66.12529002320186,False
short,PtF5,0.9228387475013733,65.19721577726219,False
short,PtF6,0.9123039245605469,56.380510440835266,False
short,PtI2,0.9485969543457031,83.29466357308584,False
short,PtI3,0.9424512386322021,79.35034802784223,False
short,PtI4,0.9316495656967163,71.46171693735499,False
short,PuBr3,0.8512164354324341,29.466357308584683,False
short,PuCl3,0.828271746635437,21.57772621809745,False
short,PuF3,0.8286807537078857,22.505800464037122,False
short,PuI3,0.8534613847732544,31.786542923433874,False
short,RbBr,0.695003867149353,6.0324825986078885,False
short,RbCl,0.695003867149353,6.0324825986078885,False
short,RbF,0.6548482179641724,0.9280742459396751,False
short,RbI3,0.9338459372520447,72.62180974477958,False
short,RbI,0.6950039267539978,6.496519721577726,False
short,ReCl3,0.9596501588821411,90.02320185614849,False
short,ReCl4,0.9758310914039612,96.2877030162413,False
short,ReCl5,0.9639081358909607,92.34338747099768,False
short,ReCl6,0.9232040643692017,65.4292343387471,False
short,ReF7,0.9127514362335205,56.8445475638051,False
short,ReI3,0.9624069333076477,91.64733178654292,False
short,RhBr3,0.9209286570549011,62.64501160092807,False
short,RhCl3,0.9225240349769592,64.73317865429235,False
short,RhF3,0.9165841341018677,58.70069605568445,False
short,RhF5,0.9366976022720337,74.94199535962876,False
short,RuBr3,0.924497127532959,65.89327146171694,False
short,RuCl3,0.9371057152748108,75.63805104408353,False
short,RuF3,0.8941370248794556,50.11600928074246,False
short,RuF4,0.9399726390838623,78.19025522041764,False
short,RuF5,0.9403453469276428,78.42227378190255,False
short,Sc5Cl8,0.8841679096221924,44.779582366589324,False
short,Sc7Cl10,0.887689471244812,46.17169373549884,False
short,Sc7Cl12,0.8563417196273804,33.4106728538283,False
short,ScCl3,0.9170036315917969,59.164733178654295,False
short,ScCl,0.7252017855644226,9.280742459396752,False
short,ScF3,0.9310740232467651,70.76566125290023,False
short,Sm11Br24,0.8691607713699341,39.21113689095127,False
short,Sm5Br11,0.8544440269470215,32.71461716937355,False
short,Sm6Br13,0.8646989464759827,36.42691415313225,False
short,SmBr3,0.8517844676971436,30.8584686774942,False
short,SmCl2,0.8393259644508362,26.68213457076566,False
short,SmF3,0.8217700123786926,17.865429234338748,False
short,SmI2,0.8472662568092346,28.538283062645007,False
short,Sn3F8,0.9349806904792786,73.31786542923435,False
short,SnBr2,0.9008686542510986,52.43619489559165,False
short,SnBr4,0.9715741872787476,95.1276102088167,False
short,SnCl2,0.8987212181091309,51.508120649651964,True
short,SnCl4,0.9749830961227417,95.82366589327145,False
short,SnF2,0.9155112504959106,58.23665893271461,False
short,SnF3,0.9671026468276978,93.7354988399072,False
short,SnF4,0.9240298271179199,65.66125290023201,False
short,SnI2,0.8646496534347534,36.19489559164733,False
short,SnI3,0.9295608997344971,67.51740139211137,False
short,SnI4,0.9686848521232605,94.66357308584686,False
short,SrBr2,0.8542445302009583,32.48259860788863,False
short,SrCl2,0.8224852085113525,19.25754060324826,False
short,SrF2,0.862013041973114,35.498839907192576,False
short,SrF3,0.8892569541931152,47.09976798143852,False
short,SrI2,0.8532736301422119,31.554524361948953,False
short,Ta2Br5,0.9167981147766113,58.93271461716937,False
short,Ta2Cl5,0.9257333278656006,66.35730858468676,False
short,Ta3Br7,0.9100351929664612,54.988399071925755,False
short,Ta3I7,0.9075720906257629,54.060324825986086,False
short,TaBr5,0.9465634226799011,81.67053364269141,False
short,TaCl3,0.9100865721702576,55.22041763341067,False
short,TaCl4,0.9502333402633667,84.68677494199535,False
short,TaCl5,0.9542556405067444,87.00696055684455,True
short,TaF3,0.9308044910430908,69.37354988399072,False
short,TaF5,0.9386966228485107,77.26218097447796,False
short,TaI4,0.9390532374382019,77.49419953596288,False
short,TaI5,0.9368477463722229,75.4060324825986,False
short,Tb4F15,0.8765188455581665,41.9953596287703,False
short,Tb5Br8,0.8456138372421265,28.074245939675173,False
short,Tb6Br7,0.7553375959396362,11.832946635730858,False
short,TbBr,0.6949000358581543,2.5522041763341066,False
short,TbCl3,0.9010049104690552,52.66821345707656,False
short,TbCl,0.714146077632904,7.65661252900232,False
short,TbF3,0.8207372426986694,17.16937354988399,False
short,TcBr4,0.9531108140945435,86.5429234338747,False
short,TcCl3,0.9595049619674683,89.79118329466357,False
short,TcCl4,0.9607939720153809,90.71925754060325,False
short,Th2Br5,0.8693921566009521,39.443155452436194,False
short,ThBr4,0.8574248552322388,33.874709976798144,False
short,ThCl4,0.8566539883613586,33.64269141531322,False
short,ThF4,0.8660658597946167,36.89095127610209,False
short,ThI2,0.8192546367645264,16.937354988399072,False
short,ThI3,0.8690162897109985,38.97911832946635,False
short,ThI4,0.8664225339889526,37.58700696055685,False
short,Ti7Br16,0.9179662466049194,60.78886310904872,False
short,Ti7Cl16,0.9204631447792053,62.41299303944315,False
short,TiBr2,0.879141092300415,42.92343387470998,False
short,TiBr3,0.9314440488815308,71.22969837587007,False
short,TiBr4,0.9811007380485535,97.6798143851508,False
short,TiCl2,0.8932961225509644,49.419953596287705,False
short,TiCl3,0.9338992834091187,72.8538283062645,False
short,TiCl4,0.9826020002365112,98.14385150812065,False
short,TiF2,0.822485089302063,18.329466357308586,False
short,TiF3,0.9308633208274841,70.06960556844548,False
short,TiF4,0.9753725528717041,96.05568445475639,False
short,TiI3,0.9355133771896362,73.78190255220419,False
short,TiI4,0.9616844654083252,91.1832946635731,False
short,Tl2Br3,0.8879976868629456,46.635730858468676,False
short,Tl2Cl3,0.8932936787605286,49.187935034802784,False
short,TlBr2,0.9459376335144043,81.4385150812065,False
short,TlBr3,0.9574030637741089,88.39907192575406,False
short,TlBr,0.7228624820709229,9.048723897911833,False
short,TlCl2,0.947444498538971,82.13457076566125,False
short,TlCl3,0.9170418977737427,59.39675174013921,False
short,TlCl,0.7298243045806885,10.208816705336426,False
short,TlF3,0.8441140651702881,27.610208816705335,False
short,TlF,0.7187289595603943,8.816705336426914,False
short,TlI3,0.9222712516784668,63.57308584686775,False
short,TlI,0.7164233922958374,8.352668213457076,False
short,Tm7Cl15,0.8683436512947083,38.51508120649652,False
short,TmCl2,0.8419774770736694,27.1461716937355,False
short,TmCl3,0.8878843784332275,46.403712296983755,False
short,TmI2,0.8617899417877197,34.80278422273782,False
short,U2F9,0.8536257743835449,32.25058004640371,False
short,UBr3,0.8338673114776611,25.754060324825982,False
short,UBr4,0.8937056064605713,49.651972157772626,False
short,UBr5,0.932207465171814,71.6937354988399,False
short,UCl3,0.8311208486557007,24.593967517401392,False
short,UCl4,0.8675767779350281,38.2830626450116,False
short,UCl5,0.9381886720657349,77.03016241299304,False
short,UCl6,0.9224585890769958,64.2691415313225,False
short,UF3,0.8182302713394165,16.70533642691415,False
short,UF4,0.8726001977920532,40.37122969837587,False
short,UF5,0.9300991296768188,68.21345707656613,False
short,UF6,0.8966384530067444,50.81206496519721,False
short,UI3,0.8513250946998596,29.698375870069604,False
short,UI4,0.9375459551811218,76.10208816705337,False
short,VBr2,0.8857811689376831,45.243619489559165,False
short,VCl2,0.8922668099403381,48.72389791183295,False
short,VCl3,0.9185760021209717,61.25290023201856,False
short,VCl4,0.9838176965713501,98.37587006960557,False
short,VCl5,0.9572852849960327,88.16705336426914,False
short,VF2,0.8756346702575684,41.53132250580047,False
short,VF3,0.9177592396736145,60.32482598607889,False
short,VF4,0.9649512767791748,92.5754060324826,False
short,VF5,0.9676709771156311,94.19953596287704,False
short,VI2,0.8914871215820312,48.027842227378194,False
short,W15I47,0.944581925868988,80.97447795823666,False
short,W2Br5,0.9539710879325867,87.00696055684455,False
short,W3Br7,0.9489371180534363,83.52668213457076,False
short,W3Br8,0.9380251169204712,76.5661252900232,False
short,W3I8,0.9529649019241333,86.3109048723898,False
short,W5I16,0.9381251335144043,76.79814385150812,False
short,WBr2,0.910754382610321,55.68445475638051,False
short,WBr4,0.933326005935669,72.38979118329466,False
short,WBr5,0.9585021734237671,89.0951276102088,False
short,WBr6,0.9226195216178894,64.96519721577727,False
short,WCl3,0.9172080755233765,59.62877030162414,False
short,WCl4,0.9430977702140808,80.04640371229699,False
short,WCl5,0.9538058042526245,86.77494199535964,False
short,WCl6,0.936629056930542,74.70997679814386,False
short,WF6,0.9328810572624207,71.92575406032483,False
short,WI3,0.9482733011245728,82.830626450116,False
short,WI4,0.9592344164848328,89.55916473317865,False
short,Y2Cl3,0.815578043460846,16.473317865429234,False
short,YCl3,0.9184410572052002,61.02088167053365,False
short,YCl,0.7068872451782227,7.192575406032482,False
short,YF3,0.8239576816558838,19.953596287703014,False
short,YI3,0.900490403175354,52.204176334106734,False
short,YI,0.6803983449935913,1.8561484918793503,False
short,YbBr2,0.8591583371162415,34.33874709976798,False
short,YbF3,0.8276845812797546,21.34570765661253,False
short,YbI2,0.8657212257385254,36.65893271461717,False
short,ZnBr2,0.96059250831604,90.48723897911833,False
short,ZnCl2,0.9604660272598267,90.25522041763341,True
short,ZnF2,0.881064772605896,43.851508120649655,False
short,ZnI2,0.9622319340705872,91.415313225058,False
short,Zr2Cl5,0.9303103089332581,68.44547563805105,False
short,ZrBr2,0.8766494989395142,42.22737819025522,False
short,ZrBr3,0.9055073857307434,53.596287703016245,False
short,ZrBr,0.6756369471549988,1.6241299303944314,False
short,ZrCl2,0.887569785118103,45.707656612529,False
short,ZrCl3,0.9297243356704712,67.74941995359629,False
short,ZrCl4,0.9590228796005249,89.32714617169374,True
short,ZrCl,0.6928823590278625,2.320185614849188,False
short,ZrF4,0.8713525533676147,39.90719257540603,False
short,ZrI2,0.8822928667068481,44.08352668213457,False
short,ZrI4,0.9792609214782715,96.98375870069606,False
baseline,AcBr3,0.9098178148269653,28.306264501160094,False
baseline,AcCl3,0.9105700850486755,30.8584686774942,False
baseline,Ag2F5,0.9521898031234741,84.68677494199535,False
baseline,Ag2F,0.44994232058525085,0.6960556844547563,False
baseline,Ag3F8,0.9506640434265137,83.75870069605568,False
baseline,AgBr,0.755554735660553,7.192575406032482,False
baseline,AgCl,0.7591891288757324,7.65661252900232,False
baseline,AgF2,0.9341296553611755,67.98143851508121,False
baseline,AgF,0.7555546760559082,5.336426914153132,False
baseline,AgI,0.7856345176696777,11.832946635730858,False
baseline,AlBr3,0.9974923729896545,100.0,True
baseline,AlCl3,0.9380550980567932,73.08584686774941,True
baseline,AlF3,0.9483926296234131,81.67053364269141,False
baseline,AlI3,0.9886203408241272,100.0,False
baseline,Au3F8,0.9577100872993469,88.16705336426914,False
baseline,AuBr3,0.969243049621582,94.66357308584686,False
baseline,AuBr,0.7995241284370422,12.761020881670534,False
baseline,AuCl2,0.9683986306190491,94.19953596287704,False
baseline,AuCl3,0.9733622074127197,95.82366589327145,False
baseline,AuCl,0.8010563850402832,13.225058004640372,False
baseline,AuF5,0.9165653586387634,46.403712296983755,False
baseline,AuI,0.7852611541748047,11.36890951276102,False
baseline,BaBr2,0.9064191579818726,19.953596287703014,False
baseline,BaCl2,0.9076863527297974,23.4338747099768,False
baseline,BaF2,0.9148349761962891,42.69141531322506,False
baseline,BaF3,0.9349014163017273,69.1415313225058,False
baseline,BaI2,0.9076582789421082,23.201856148491878,False
baseline,BeBr2,0.9786692261695862,96.98375870069606,False
baseline,BeCl2,0.9815946817398071,98.37587006960557,False
baseline,BeF2,0.9717408418655396,95.59164733178655,False
baseline,BeI2,0.979053258895874,97.21577726218096,False
baseline,Bi4I,0.298135370016098,0.46403712296983757,False
baseline,Bi6Br7,0.8184224963188171,14.385150812064964,False
baseline,Bi6Cl7,0.8222550749778748,14.617169373549885,False
baseline,Bi9I2,0.2960481345653534,0.23201856148491878,False
baseline,BiBr3,0.9369823932647705,71.92575406032483,False
baseline,BiBr,0.7743790149688721,10.440835266821345,False
baseline,BiCl3,0.9275529980659485,59.86078886310905,False
baseline,BiF3,0.9216936230659485,54.292343387471,False
baseline,BiF5,0.9022044539451599,18.561484918793504,False
baseline,BiI3,0.9137210845947266,40.835266821345705,False
baseline,BiI,0.7711865305900574,9.744779582366588,False
baseline,CaBr2,0.9093949794769287,27.37819025522042,False
baseline,CaCl2,0.9600956439971924,90.48723897911833,False
baseline,CaF2,0.9073083996772766,22.041763341067284,False
baseline,CaI2,0.9080908298492432,23.897911832946637,False
baseline,Cd13I28,0.9127756953239441,38.97911832946635,False
baseline,CdBr2,0.9094666242599487,27.610208816705335,False
baseline,CdCl2,0.9113349318504333,34.80278422273782,False
baseline,CdCl4,0.9236413240432739,55.91647331786543,False
baseline,CdF2,0.9073083996772766,22.041763341067284,False
baseline,CdI2,0.9214901924133301,54.060324825986086,False
baseline,Ce2Br5,0.9211376905441284,53.596287703016245,False
baseline,CeBr3,0.9112914800643921,34.5707656612529,False
baseline,CeCl3,0.9103365540504456,29.698375870069604,False
baseline,CeF3,0.9264277815818787,58.0046403712297,False
baseline,CeF4,0.9122810363769531,37.35498839907193,False
baseline,CoBr2,0.9171242713928223,48.027842227378194,False
baseline,CoBr,0.7799600958824158,10.672853828306264,False
baseline,CoCl2,0.9165969491004944,46.8677494199536,False
baseline,CoF2,0.9158616065979004,44.779582366589324,False
baseline,CoF3,0.9278144240379333,60.092807424593964,False
baseline,CoI2,0.9167481064796448,47.09976798143852,False
baseline,Cr2F5,0.9455665946006775,78.88631090487239,False
baseline,CrBr2,0.9420354962348938,76.5661252900232,False
baseline,CrBr3,0.9288336634635925,61.48491879350348,False
baseline,CrCl2,0.9448570013046265,78.42227378190255,False
baseline,CrCl3,0.9760244488716125,96.51972157772622,False
baseline,CrF2,0.9361003637313843,70.30162412993039,False
baseline,CrF3,0.9226706027984619,54.75638051044084,False
baseline,CrF4,0.974211573600769,96.05568445475639,False
baseline,CrF5,0.9550864100456238,86.3109048723898,False
baseline,CrI2,0.9504624009132385,83.52668213457076,False
baseline,CsBr3,0.9461073875427246,79.35034802784223,False
baseline,CsBr,0.755554735660553,7.192575406032482,False
baseline,CsCl,0.7555546760559082,5.336426914153132,False
baseline,CsF,0.755554735660553,7.192575406032482,False
baseline,CsI3,0.9526463747024536,85.1508120649652,False
baseline,CsI4,0.9424776434898376,77.03016241299304,False
baseline,CsI,0.7668675780296326,9.048723897911833,False
baseline,CuBr2,0.9670758843421936,93.27146171693735,False
baseline,CuBr,0.7954419851303101,12.296983758700696,False
baseline,CuCl2,0.951802670955658,84.22273781902551,False
baseline,CuCl,0.7865327596664429,12.064965197215777,False
baseline,CuF2,0.9316931962966919,64.03712296983758,False
baseline,CuF,0.7856345176696777,11.832946635730858,False
baseline,CuI,0.8015496134757996,13.45707656612529,False
baseline,Dy5Cl11,0.9243801236152649,56.380510440835266,False
baseline,DyBr2,0.9124414324760437,38.2830626450116,False
baseline,DyCl3,0.9119859933853149,36.42691415313225,False
baseline,Er4I5,0.8232555985450745,14.849187935034802,False
baseline,Er6I7,0.8155443072319031,14.153132250580047,False
baseline,ErF3,0.9090643525123596,25.754060324825982,False
baseline,EuBr2,0.9074621200561523,22.73781902552204,False
baseline,EuCl2,0.9066504240036011,20.185614849187935,False
baseline,EuCl3,0.9112138748168945,33.874709976798144,False
baseline,EuF2,0.9073084592819214,22.505800464037122,False
baseline,EuF3,0.9133603572845459,40.37122969837587,False
baseline,EuI2,0.9106367230415344,31.786542923433874,False
baseline,FeBr2,0.9169434309005737,47.79582366589327,False
baseline,FeBr3,0.9274578094482422,59.39675174013921,False
baseline,FeCl2,0.9163109064102173,45.707656612529,False
baseline,FeCl3,0.9420815110206604,76.5661252900232,True
baseline,FeF2,0.923595666885376,55.68445475638051,False
baseline,FeF3,0.9257711172103882,57.30858468677494,False
baseline,FeI2,0.9155604839324951,44.31554524361949,False
baseline,Ga2I3,0.9309746623039246,63.341067285382834,False
baseline,Ga3Cl7,0.987721860408783,99.53596287703016,False
baseline,GaBr2,0.9795151948928833,97.4477958236659,False
baseline,GaBr3,0.9877321124076843,99.76798143851508,False
baseline,GaCl2,0.9762017726898193,96.75174013921114,False
baseline,GaCl3,1.0,100.0,True
baseline,GaF3,0.9245362877845764,56.61252900232019,True
baseline,GaI2,0.9814225435256958,98.14385150812065,False
baseline,GaI3,0.9864016175270081,99.30394431554525,False
baseline,Gd2Br3,0.8747329115867615,16.009280742459396,False
baseline,Gd2Cl3,0.8742085099220276,15.54524361948956,False
baseline,GdBr3,0.9287912249565125,61.25290023201856,False
baseline,GdBr,0.7375732064247131,0.9280742459396751,False
baseline,GdCl3,0.9116427898406982,35.730858468677496,False
baseline,HfCl4,0.9637612700462341,92.11136890951276,False
baseline,HfF4,0.9121120572090149,36.89095127610209,False
baseline,HfI3,0.9253360033035278,56.8445475638051,False
baseline,HfI4,0.9642056822776794,92.34338747099768,False
baseline,HgBr2,0.9665284752845764,93.03944315545245,False
baseline,HgBr,0.8002824187278748,12.993039443155451,False
baseline,HgCl2,0.9660963416099548,92.80742459396751,False
baseline,HgCl,0.798535943031311,12.529002320185615,False
baseline,HgF2,0.9073084592819214,22.505800464037122,False
baseline,HgF,0.7541046142578125,3.0162412993039442,False
baseline,HgI2,0.9686780571937561,94.43155452436194,False
baseline,HgI,0.8028334379196167,13.68909512761021,False
baseline,HoF3,0.909238874912262,26.91415313225058,False
baseline,In2Cl3,0.9086761474609375,25.05800464037123,False
baseline,In4Br7,0.9416055083274841,76.33410672853829,False
baseline,In5Br7,0.9071510434150696,21.11368909512761,False
baseline,In5Cl9,0.9318826198577881,64.50116009280742,False
baseline,In7Br9,0.8566048741340637,15.081206496519723,False
baseline,In7Cl9,0.8578217625617981,15.31322505800464,False
baseline,InBr2,0.962858259677887,91.64733178654292,False
baseline,InBr3,0.9278712272644043,60.092807424593964,True
baseline,InBr,0.7668011784553528,8.816705336426914,False
baseline,InCl,0.7724436521530151,10.208816705336426,False
baseline,InF3,0.9172828197479248,48.49187935034803,False
baseline,InI2,0.9595760107040405,90.25522041763341,False
baseline,InI3,0.9704287648200989,95.1276102088167,True
baseline,InI,0.7648696899414062,8.584686774941995,False
baseline,IrBr3,0.9331570863723755,66.5893271461717,False
baseline,IrCl3,0.9337815642356873,67.74941995359629,False
baseline,IrF3,0.9086558222770691,24.825986078886313,False
baseline,IrF4,0.9258707165718079,57.540603248259856,False
baseline,IrF6,0.916389524936676,45.93967517401392,False
baseline,KBr,0.7555546760559082,5.336426914153132,False
baseline,KCl,0.7555546760559082,5.336426914153132,False
baseline,KF3,0.9484558701515198,81.90255220417633,False
baseline,KF5,0.9194151759147644,51.04408352668214,False
baseline,KF,0.7555547952651978,7.424593967517401,False
baseline,KI,0.755554735660553,7.192575406032482,False
baseline,La2Br5,0.9208163022994995,52.90023201856149,False
baseline,La2I5,0.9244257211685181,56.61252900232019,False
baseline,LaBr2,0.9128485321998596,39.21113689095127,False
baseline,LaBr3,0.9106456637382507,32.01856148491879,False
baseline,LaBr,0.7478304505348206,1.8561484918793503,False
baseline,LaCl3,0.910291314125061,29.466357308584683,False
baseline,LaCl,0.7714177370071411,9.976798143851507,False
baseline,LaF3,0.9153324365615845,43.38747099767982,False
baseline,LaI2,0.8993441462516785,16.937354988399072,False
baseline,LaI3,0.9103924036026001,29.930394431554525,False
baseline,LaI,0.767604410648346,9.280742459396752,False
baseline,LiBr,0.755554735660553,7.192575406032482,False
baseline,LiCl,0.7555545568466187,3.480278422273782,False
baseline,LiF,0.755554735660553,7.192575406032482,False
baseline,LiI,0.7842574119567871,11.1368909512761,False
baseline,MgBr2,0.9123660922050476,37.81902552204176,False
baseline,MgCl2,0.9153829216957092,43.619489559164734,False
baseline,MgF2,0.9120869636535645,36.65893271461717,False
baseline,MgI2,0.9124264717102051,38.05104408352668,False
baseline,MnBr2,0.9148738384246826,42.92343387470998,False
baseline,MnCl2,0.9142864942550659,41.9953596287703,False
baseline,MnF2,0.9143654704093933,42.22737819025522,False
baseline,MnF3,0.9535309672355652,85.61484918793504,False
baseline,MnF4,0.9584380388259888,88.8631090487239,False
baseline,MnI2,0.9138731956481934,41.29930394431555,False
baseline,MoBr2,0.9361516237258911,70.53364269141531,False
baseline,MoCl2,0.9379381537437439,72.8538283062645,False
baseline,MoCl3,0.9410301446914673,76.10208816705337,False
baseline,MoCl4,0.9548870325088501,86.07888631090486,False
baseline,MoCl5,0.9429882764816284,77.49419953596288,False
baseline,MoF3,0.9330609440803528,66.12529002320186,False
baseline,MoF5,0.9396057724952698,74.47795823665894,False
baseline,MoF6,0.9404109120368958,75.4060324825986,False
baseline,MoI2,0.9351144433021545,69.37354988399072,False
baseline,NaBr,0.7555546760559082,5.336426914153132,False
baseline,NaCl3,0.9165454506874084,46.17169373549884,False
baseline,NaCl,0.7555546760559082,5.336426914153132,False
baseline,NaF,0.755554735660553,7.192575406032482,False
baseline,NaI,0.7806882262229919,10.904872389791183,False
baseline,Nb2F5,0.9101331233978271,28.770301624129928,False
baseline,Nb3Br8,0.9401676654815674,74.94199535962876,False
baseline,Nb3Cl7,0.9266849756240845,58.23665893271461,False
baseline,Nb3Cl8,0.9370983242988586,72.15777262180974,False
baseline,Nb3I8,0.9393802881240845,74.24593967517401,False
baseline,Nb6I11,0.9293707609176636,62.41299303944315,False
baseline,NbBr4,0.9328186511993408,64.96519721577727,False
baseline,NbBr5,0.9375147223472595,72.62180974477958,False
baseline,NbCl4,0.9380585551261902,73.31786542923435,False
baseline,NbCl5,0.9472129344940186,80.2784222737819,False
baseline,NbF3,0.9330608248710632,65.89327146171694,False
baseline,NbF4,0.939849853515625,74.70997679814386,False
baseline,NbF5,0.9329534769058228,65.4292343387471,False
baseline,NbI3,0.9289603233337402,61.94895591647332,False
baseline,NbI4,0.9256324172019958,57.076566125290014,False
baseline,NbI5,0.929912805557251,62.87703016241299,False
baseline,Nd4Br9,0.9152497053146362,43.1554524361949,False
baseline,NdBr3,0.9105390906333923,30.62645011600928,False
baseline,NdCl2,0.9080395698547363,23.665893271461716,False
baseline,NdCl3,0.9106366634368896,31.554524361948953,False
baseline,NdF3,0.9262503981590271,57.772621809744784,False
baseline,NdI2,0.9000211358070374,17.16937354988399,False
baseline,NiBr2,0.9193533062934875,50.81206496519721,False
baseline,NiCl2,0.9176275730133057,48.72389791183295,False
baseline,NiF2,0.9122311472892761,37.12296983758701,False
baseline,NiF3,0.9310709834098816,63.57308584686775,False
baseline,NiI2,0.9186311960220337,49.651972157772626,False
baseline,NpBr3,0.9115260243415833,35.498839907192576,False
baseline,NpCl3,0.9102734923362732,29.23433874709977,False
baseline,NpF3,0.9154218435287476,44.08352668213457,False
baseline,NpF4,0.9131321907043457,39.90719257540603,False
baseline,NpI3,0.9107559323310852,32.25058004640371,False
baseline,OsBr4,0.9483022689819336,81.20649651972158,False
baseline,OsCl4,0.9408911466598511,75.87006960556845,False
baseline,OsF5,0.9285401701927185,61.02088167053365,False
baseline,OsF6,0.9172285795211792,48.25986078886311,False
baseline,PaBr4,0.9020217061042786,18.097447795823665,False
baseline,PaBr5,0.9271734356880188,58.93271461716937,False
baseline,PaCl4,0.9020548462867737,18.329466357308586,False
baseline,PaCl5,0.9274743795394897,59.62877030162414,False
baseline,PbBr2,0.9176353216171265,48.95591647331787,False
baseline,PbCl2,0.9138861894607544,41.53132250580047,False
baseline,PbCl4,0.9452614188194275,78.65429234338747,False
baseline,PbF2,0.9115256071090698,35.266821345707655,False
baseline,PbF4,0.9218807816505432,54.524361948955914,False
baseline,PbI2,0.9068554639816284,20.649651972157773,False
baseline,PdBr2,0.958070695400238,88.63109048723898,False
baseline,PdCl2,0.9694920182228088,94.89559164733178,False
baseline,PdF2,0.913598895072937,40.60324825986079,False
baseline,PdF3,0.9459213614463806,79.11832946635731,False
baseline,PdF4,0.9279513359069824,60.78886310904872,False
baseline,PdI2,0.9545339345932007,85.84686774941996,False
baseline,Pr2Br5,0.9207605719566345,52.43619489559165,False
baseline,Pr2I5,0.9267478585243225,58.46867749419954,False
baseline,PrBr3,0.9108670949935913,32.71461716937355,False
baseline,PrCl3,0.9104105830192566,30.162412993039446,False
baseline,PrF3,0.9091877937316895,26.68213457076566,False
baseline,PrI2,0.9042343497276306,19.02552204176334,False
baseline,Pt3I8,0.9605512022972107,90.95127610208816,False
baseline,PtBr3,0.9473065137863159,80.97447795823666,False
baseline,PtCl2,0.9588643312454224,89.79118329466357,False
baseline,PtCl3,0.949165403842926,82.5986078886311,False
baseline,PtCl4,0.9802739024162292,97.6798143851508,False
baseline,PtF4,0.9227989315986633,54.988399071925755,False
baseline,PtF5,0.9165862798690796,46.635730858468676,False
baseline,PtF6,0.9058569669723511,19.721577726218097,False
baseline,PtI2,0.9553399085998535,86.77494199535964,False
baseline,PtI3,0.947303295135498,80.74245939675174,False
baseline,PtI4,0.9351766705513,70.06960556844548,False
baseline,PuBr3,0.9109945893287659,33.4106728538283,False
baseline,PuCl3,0.9102174043655396,29.00232018561485,False
baseline,PuF3,0.9157576560974121,44.5475638051044,False
baseline,PuI3,0.910627543926239,31.322505800464036,False
baseline,RbBr,0.7555546760559082,5.336426914153132,False
baseline,RbCl,0.755554735660553,7.192575406032482,False
baseline,RbF,0.7548818588256836,3.248259860788863,False
baseline,RbI3,0.9508435130119324,83.9907192575406,False
baseline,RbI,0.7555546164512634,3.7122969837587005,False
baseline,ReCl3,0.952498197555542,84.91879350348029,False
baseline,ReCl4,0.9670761823654175,93.50348027842227,False
baseline,ReCl5,0.9568960666656494,87.93503480278422,False
baseline,ReCl6,0.9090954065322876,25.986078886310903,False
baseline,ReF7,0.9088630676269531,25.290023201856147,False
baseline,ReI3,0.9679379463195801,93.7354988399072,False
baseline,RhBr3,0.9328259229660034,65.19721577726219,False
baseline,RhCl3,0.9333897829055786,66.8213457076566,False
baseline,RhF3,0.9346311688423157,68.90951276102089,False
baseline,RhF5,0.9305263757705688,63.10904872389791,False
baseline,RuBr3,0.931481122970581,63.80510440835266,False
baseline,RuCl3,0.937308132648468,72.38979118329466,False
baseline,RuF3,0.9159448146820068,45.243619489559165,False
baseline,RuF4,0.936505913734436,71.22969837587007,False
baseline,RuF5,0.9336533546447754,67.28538283062645,False
baseline,Sc5Cl8,0.9067243933677673,20.417633410672853,False
baseline,Sc7Cl10,0.9052666425704956,19.489559164733176,False
baseline,Sc7Cl12,0.8989428281784058,16.70533642691415,False
baseline,ScCl3,0.9271600246429443,58.70069605568445,False
baseline,ScCl,0.7701663374900818,9.51276102088167,False
baseline,ScF3,0.9337050318717957,67.51740139211137,False
baseline,Sm11Br24,0.9209408164024353,53.1322505800464,False
baseline,Sm5Br11,0.915408730506897,43.851508120649655,False
baseline,Sm6Br13,0.919050395488739,50.580046403712295,False
baseline,SmBr3,0.910938024520874,32.94663573085847,False
baseline,SmCl2,0.9075685739517212,22.96983758700696,False
baseline,SmF3,0.9104321599006653,30.39443155452436,False
baseline,SmI2,0.9112405776977539,34.106728538283065,False
baseline,Sn3F8,0.9442562460899353,78.19025522041764,False
baseline,SnBr2,0.9317581653594971,64.2691415313225,False
baseline,SnBr4,0.9717015624046326,95.35962877030161,False
baseline,SnCl2,0.9305614233016968,63.10904872389791,True
baseline,SnCl4,0.9756870865821838,96.2877030162413,False
baseline,SnF2,0.9379478096961975,73.08584686774941,False
baseline,SnF3,0.9492841958999634,82.830626450116,False
baseline,SnF4,0.9235144257545471,55.4524361948956,False
baseline,SnI2,0.9128916263580322,39.443155452436194,False
baseline,SnI3,0.9483267068862915,81.4385150812065,False
baseline,SnI4,0.9615957140922546,91.1832946635731,False
baseline,SrBr2,0.9112646579742432,34.33874709976798,False
baseline,SrCl2,0.9073083996772766,22.041763341067284,False
baseline,SrF2,0.9207877516746521,52.66821345707656,False
baseline,SrF3,0.9273704886436462,59.164733178654295,False
baseline,SrI2,0.9110808372497559,33.64269141531322,False
baseline,Ta2Br5,0.9427036643028259,77.26218097447796,False
baseline,Ta2Cl5,0.9464685320854187,80.04640371229699,False
baseline,Ta3Br7,0.9335913062095642,67.05336426914154,False
baseline,Ta3I7,0.9343751072883606,68.67749419953596,False
baseline,TaBr5,0.9365845918655396,71.46171693735499,False
baseline,TaCl3,0.9182553291320801,49.187935034802784,False
baseline,TaCl4,0.9387925267219543,73.78190255220419,False
baseline,TaCl5,0.9436516761779785,77.49419953596288,True
baseline,TaF3,0.9330608248710632,65.89327146171694,False
baseline,TaF5,0.9342220425605774,68.21345707656613,False
baseline,TaI4,0.9491105675697327,82.36658932714617,False
baseline,TaI5,0.9279412627220154,60.556844547563806,False
baseline,Tb4F15,0.9159886837005615,45.47563805104408,False
baseline,Tb5Br8,0.8894476294517517,16.241299303944317,False
baseline,Tb6Br7,0.8140420913696289,13.921113689095128,False
baseline,TbBr,0.7438251376152039,1.3921113689095126,False
baseline,TbCl3,0.9197519421577454,51.74013921113689,False
baseline,TbCl,0.7446640729904175,1.6241299303944314,False
baseline,TbF3,0.9096325635910034,28.074245939675173,False
baseline,TcBr4,0.9532263278961182,85.38283062645012,False
baseline,TcCl3,0.9519480466842651,84.45475638051045,False
baseline,TcCl4,0.960292637348175,90.71925754060325,False
baseline,Th2Br5,0.9094793796539307,27.842227378190255,False
baseline,ThBr4,0.9004160165786743,17.633410672853827,False
baseline,ThCl4,0.9004032015800476,17.40139211136891,False
baseline,ThF4,0.912299633026123,37.58700696055685,False
baseline,ThI2,0.9045596122741699,19.25754060324826,False
baseline,ThI3,0.9210157990455627,53.36426914153132,False
baseline,ThI4,0.9127464890480042,38.74709976798144,False
baseline,Ti7Br16,0.9367249608039856,71.6937354988399,False
baseline,Ti7Cl16,0.9387156367301941,73.54988399071925,False
baseline,TiBr2,0.9118038415908813,35.96287703016242,False
baseline,TiBr3,0.9362980127334595,70.76566125290023,False
baseline,TiBr4,0.982652485370636,98.60788863109049,False
baseline,TiCl2,0.9201827645301819,51.972157772621806,False
baseline,TiCl3,0.9402021765708923,75.1740139211137,False
baseline,TiCl4,0.9840794801712036,98.83990719257541,False
baseline,TiF2,0.9073083996772766,22.041763341067284,False
baseline,TiF3,0.9330968856811523,66.35730858468676,False
baseline,TiF4,0.980520486831665,97.91183294663574,False
baseline,TiI3,0.9404608607292175,75.63805104408353,False
baseline,TiI4,0.9585390686988831,89.0951276102088,False
baseline,Tl2Br3,0.9091017842292786,26.218097447795824,False
baseline,Tl2Cl3,0.9071260690689087,20.88167053364269,False
baseline,TlBr2,0.9559600353240967,87.00696055684455,False
baseline,TlBr3,0.9562481641769409,87.23897911832947,False
baseline,TlBr,0.762607216835022,8.120649651972158,False
baseline,TlCl2,0.9553278684616089,86.5429234338747,False
baseline,TlCl3,0.9424436688423157,76.79814385150812,False
baseline,TlCl,0.7641649842262268,8.352668213457076,False
baseline,TlF3,0.9092463254928589,27.1461716937355,False
baseline,TlF,0.7507647275924683,2.320185614849188,False
baseline,TlI3,0.9472593069076538,80.51044083526682,False
baseline,TlI,0.7617896199226379,7.888631090487238,False
baseline,Tm7Cl15,0.9190333485603333,50.34802784222738,False
baseline,TmCl2,0.911376416683197,35.03480278422274,False
baseline,TmCl3,0.9125857949256897,38.51508120649652,False
baseline,TmI2,0.9090300798416138,25.52204176334107,False
baseline,U2F9,0.9016311168670654,17.865429234338748,False
baseline,UBr3,0.9118186831474304,36.19489559164733,False
baseline,UBr4,0.9186921715736389,49.88399071925754,False
baseline,UBr5,0.9229172468185425,55.22041763341067,False
baseline,UCl3,0.9109524488449097,33.17865429234338,False
baseline,UCl4,0.9035318493843079,18.793503480278424,False
baseline,UCl5,0.9351205825805664,69.60556844547564,False
baseline,UCl6,0.9084365963935852,24.361948955916475,False
baseline,UF3,0.9107637405395508,32.48259860788863,False
baseline,UF4,0.9138107299804688,41.067285382830626,False
baseline,UF5,0.9436900615692139,77.7262180974478,False
baseline,UF6,0.8950434923171997,16.473317865429234,False
baseline,UI3,0.9101325869560242,28.538283062645007,False
baseline,UI4,0.9321509003639221,64.73317865429235,False
baseline,VBr2,0.9144210815429688,42.459396751740144,False
baseline,VCl2,0.9169064164161682,47.56380510440835,False
baseline,VCl3,0.9278726577758789,60.32482598607889,False
baseline,VCl4,0.9855454564094543,99.07192575406032,False
baseline,VCl5,0.9493171572685242,83.06264501160094,False
baseline,VF2,0.9132766127586365,40.13921113689095,False
baseline,VF3,0.9298202395439148,62.64501160092807,False
baseline,VF4,0.9643712043762207,92.5754060324826,False
baseline,VF5,0.9577855467796326,88.39907192575406,False
baseline,VI2,0.916870653629303,47.33178654292343,False
baseline,W15I47,0.9624566435813904,91.415313225058,False
baseline,W2Br5,0.9502890110015869,83.29466357308584,False
baseline,W3Br7,0.9587616920471191,89.32714617169374,False
baseline,W3Br8,0.9462193846702576,79.58236658932715,False
baseline,W3I8,0.9587695598602295,89.55916473317865,False
baseline,W5I16,0.9592333436012268,90.02320185614849,False
baseline,WBr2,0.9351312518119812,69.83758700696056,False
baseline,WBr4,0.9288497567176819,61.7169373549884,False
baseline,WBr5,0.9463666677474976,79.81438515081206,False
baseline,WBr6,0.9086458086967468,24.593967517401392,False
baseline,WCl3,0.9389119148254395,74.0139211136891,False
baseline,WCl4,0.9363673329353333,70.99767981438515,False
baseline,WCl5,0.9440174102783203,77.9582366589327,False
baseline,WCl6,0.919421911239624,51.27610208816705,False
baseline,WF6,0.9207420945167542,52.204176334106734,False
baseline,WI3,0.9563875198364258,87.47099767981439,False
baseline,WI4,0.9567844271659851,87.70301624129931,False
baseline,Y2Cl3,0.8746274709701538,15.777262180974477,False
baseline,YCl3,0.9343647956848145,68.44547563805105,False
baseline,YCl,0.7397117018699646,1.160092807424594,False
baseline,YF3,0.9129411578178406,39.675174013921115,False
baseline,YI3,0.918445348739624,49.419953596287705,False
baseline,YI,0.7484769225120544,2.088167053364269,False
baseline,YbBr2,0.9084319472312927,24.129930394431554,False
baseline,YbF3,0.9091874957084656,26.450116009280745,False
baseline,YbI2,0.9106201529502869,31.09048723897912,False
baseline,ZnBr2,0.9681465029716492,93.96751740139212,False
baseline,ZnCl2,0.9676806330680847,93.50348027842227,True
baseline,ZnF2,0.9139156341552734,41.76334106728538,False
baseline,ZnI2,0.9697166085243225,95.1276102088167,False
baseline,Zr2Cl5,0.9485293030738831,82.13457076566125,False
baseline,ZrBr2,0.9159031510353088,45.011600928074245,False
baseline,ZrBr3,0.9212217926979065,53.82830626450116,False
baseline,ZrBr,0.7514641880989075,2.5522041763341066,False
baseline,ZrCl2,0.9194520115852356,51.508120649651964,False
baseline,ZrCl3,0.9291518926620483,62.18097447795824,False
baseline,ZrCl4,0.9607681035995483,90.95127610208816,True
baseline,ZrCl,0.7526766061782837,2.784222737819025,False
baseline,ZrF4,0.9187265038490295,50.11600928074246,False
baseline,ZrI2,0.9243090152740479,56.148491879350345,False
baseline,ZrI4,0.9630309343338013,91.87935034802784,False
medium,AcBr3,0.938946545124054,38.05104408352668,False
medium,AcCl3,0.9392868280410767,40.60324825986079,False
medium,Ag2F5,0.9625113606452942,82.830626450116,False
medium,Ag2F,0.43382391333580017,0.6960556844547563,False
medium,Ag3F8,0.9616044163703918,80.97447795823666,False
medium,AgBr,0.7471776008605957,8.816705336426914,False
medium,AgCl,0.7475687265396118,9.048723897911833,False
medium,AgF2,0.9398451447486877,43.38747099767982,False
medium,AgF,0.7471774816513062,4.408352668213457,False
medium,AgI,0.7658231854438782,11.600928074245939,False
medium,AlBr3,0.9967911243438721,100.0,True
medium,AlCl3,0.9545441269874573,73.08584686774941,True
medium,AlF3,0.9621875882148743,81.90255220417633,False
medium,AlI3,0.994092583656311,100.0,False
medium,Au3F8,0.9704017639160156,91.64733178654292,False
medium,AuBr3,0.9796603918075562,96.51972157772622,False
medium,AuBr,0.7813321948051453,13.225058004640372,False
medium,AuCl2,0.9663286209106445,89.32714617169374,False
medium,AuCl3,0.9867467880249023,98.14385150812065,False
medium,AuCl,0.7819026112556458,13.45707656612529,False
medium,AuF5,0.9452123045921326,54.75638051044084,False
medium,AuI,0.760597288608551,10.440835266821345,False
medium,BaBr2,0.9235713481903076,19.02552204176334,False
medium,BaCl2,0.9242433309555054,19.721577726218097,False
medium,BaF2,0.9262712597846985,22.96983758700696,False
medium,BaF3,0.9571815729141235,76.33410672853829,False
medium,BaI2,0.9237613081932068,19.489559164733176,False
medium,BeBr2,0.9682583212852478,90.25522041763341,False
medium,BeCl2,0.9742195010185242,95.1276102088167,False
medium,BeF2,0.955272912979126,73.78190255220419,False
medium,BeI2,0.9730116128921509,93.96751740139212,False
medium,Bi4I,0.2379712611436844,0.46403712296983757,False
medium,Bi6Br7,0.8179041743278503,14.617169373549885,False
medium,Bi6Cl7,0.8132549524307251,14.385150812064964,False
medium,Bi9I2,0.23394379019737244,0.23201856148491878,False
medium,BiBr3,0.9566834568977356,75.87006960556845,False
medium,BiBr,0.7683100700378418,12.064965197215777,False
medium,BiCl3,0.9526425004005432,70.30162412993039,False
medium,BiF3,0.9437465071678162,51.74013921113689,False
medium,BiF5,0.9376888871192932,36.19489559164733,False
medium,BiI3,0.9430831670761108,49.88399071925754,False
medium,BiI,0.7636678814888,10.672853828306264,False
medium,CaBr2,0.9264556169509888,23.665893271461716,False
medium,CaCl2,0.9587578177452087,77.7262180974478,False
medium,CaF2,0.9242433905601501,21.11368909512761,False
medium,CaI2,0.9258522391319275,22.73781902552204,False
medium,Cd13I28,0.946191132068634,56.8445475638051,False
medium,CdBr2,0.9263747930526733,23.4338747099768,False
medium,CdCl2,0.9268415570259094,24.593967517401392,False
medium,CdCl4,0.9487130045890808,61.94895591647332,False
medium,CdF2,0.9242433905601501,21.11368909512761,False
medium,CdI2,0.9439668655395508,52.43619489559165,False
medium,Ce2Br5,0.9435058832168579,50.81206496519721,False
medium,CeBr3,0.9401146769523621,44.08352668213457,False
medium,CeCl3,0.9392181038856506,39.90719257540603,False
medium,CeF3,0.9482039213180542,60.32482598607889,False
medium,CeF4,0.9439313411712646,51.972157772621806,False
medium,CoBr2,0.9290205240249634,30.62645011600928,False
medium,CoBr,0.7942907810211182,13.68909512761021,False
medium,CoCl2,0.9287238121032715,29.23433874709977,False
medium,CoF2,0.9294856190681458,31.786542923433874,False
medium,CoF3,0.9496883153915405,64.2691415313225,False
medium,CoI2,0.9288530945777893,29.930394431554525,False
medium,Cr2F5,0.9556828141212463,74.24593967517401,False
medium,CrBr2,0.9443379640579224,53.36426914153132,False
medium,CrBr3,0.9497209191322327,64.50116009280742,False
medium,CrCl2,0.9439412951469421,52.204176334106734,False
medium,CrCl3,0.9796102643013,96.2877030162413,False
medium,CrF2,0.9410486817359924,48.25986078886311,False
medium,CrF3,0.9470163583755493,58.93271461716937,False
medium,CrF4,0.9796028137207031,96.05568445475639,False
medium,CrF5,0.9704672694206238,91.87935034802784,False
medium,CrI2,0.9506943821907043,65.4292343387471,False
medium,CsBr3,0.9749143123626709,95.35962877030161,False
medium,CsBr,0.7471776008605957,8.816705336426914,False
medium,CsCl,0.7471776008605957,8.816705336426914,False
medium,CsF,0.7471776008605957,8.816705336426914,False
medium,CsI3,0.9715503454208374,93.50348027842227,False
medium,CsI4,0.9693066477775574,90.71925754060325,False
medium,CsI,0.7471776008605957,8.816705336426914,False
medium,CuBr2,0.9641297459602356,85.1508120649652,False
medium,CuBr,0.7656768560409546,11.1368909512761,False
medium,CuCl2,0.9507421255111694,65.89327146171694,False
medium,CuCl,0.7659834027290344,11.832946635730858,False
medium,CuF2,0.9380044937133789,36.42691415313225,False
medium,CuF,0.7658231854438782,11.600928074245939,False
medium,CuI,0.7737995982170105,12.529002320185615,False
medium,Dy5Cl11,0.9389053583145142,37.58700696055685,False
medium,DyBr2,0.9255726933479309,22.2737819025522,False
medium,DyCl3,0.9409571886062622,47.79582366589327,False
medium,Er4I5,0.829373836517334,14.849187935034802,False
medium,Er6I7,0.8067640662193298,14.153132250580047,False
medium,ErF3,0.9390138983726501,38.51508120649652,False
medium,EuBr2,0.9233397245407104,18.793503480278424,False
medium,EuCl2,0.9237000346183777,19.25754060324826,False
medium,EuCl3,0.9399498105049133,43.619489559164734,False
medium,EuF2,0.9242433905601501,21.11368909512761,False
medium,EuF3,0.9415456652641296,48.49187935034803,False
medium,EuI2,0.9282581210136414,27.37819025522042,False
medium,FeBr2,0.9294407367706299,31.322505800464036,False
medium,FeBr3,0.9490798711776733,62.41299303944315,False
medium,FeCl2,0.9289631843566895,30.39443155452436,False
medium,FeCl3,0.9583019018173218,77.26218097447796,True
medium,FeF2,0.9332566261291504,34.5707656612529,False
medium,FeF3,0.9486768841743469,61.48491879350348,False
medium,FeI2,0.9287961721420288,29.698375870069604,False
medium,Ga2I3,0.9138752222061157,18.097447795823665,False
medium,Ga3Cl7,0.9886097311973572,98.37587006960557,False
medium,GaBr2,0.9711419939994812,93.27146171693735,False
medium,GaBr3,0.9940680861473083,99.76798143851508,False
medium,GaCl2,0.9737424254417419,94.43155452436194,False
medium,GaCl3,0.9999998807907104,100.0,True
medium,GaF3,0.9479488134384155,59.86078886310905,True
medium,GaI2,0.9644665122032166,86.07888631090486,False
medium,GaI3,0.9928697347640991,99.07192575406032,False
medium,Gd2Br3,0.8815237283706665,15.54524361948956,False
medium,Gd2Cl3,0.8816863298416138,15.777262180974477,False
medium,GdBr3,0.9495682716369629,64.03712296983758,False
medium,GdBr,0.739284873008728,2.088167053364269,False
medium,GdCl3,0.9402544498443604,44.779582366589324,False
medium,HfCl4,0.9726260900497437,93.7354988399072,False
medium,HfF4,0.9445607662200928,54.060324825986086,False
medium,HfI3,0.9483532309532166,60.78886310904872,False
medium,HfI4,0.9808756113052368,97.21577726218096,False
medium,HgBr2,0.9630654454231262,83.06264501160094,False
medium,HgBr,0.7726125121116638,12.296983758700696,False
medium,HgCl2,0.9657689332962036,88.39907192575406,False
medium,HgCl,0.7742031812667847,12.761020881670534,False
medium,HgF2,0.9242433905601501,21.11368909512761,False
medium,HgF,0.741330087184906,2.784222737819025,False
medium,HgI2,0.9653735160827637,87.70301624129931,False
medium,HgI,0.7776601910591125,12.993039443155451,False
medium,HoF3,0.9390747547149658,38.74709976798144,False
medium,In2Cl3,0.9016847014427185,17.40139211136891,False
medium,In4Br7,0.945504367351532,55.22041763341067,False
medium,In5Br7,0.8926784992218018,16.241299303944317,False
medium,In5Cl9,0.9361130595207214,35.730858468677496,False
medium,In7Br9,0.8478437662124634,15.081206496519723,False
medium,In7Cl9,0.850268542766571,15.31322505800464,False
medium,InBr2,0.9637489318847656,84.45475638051045,False
medium,InBr3,0.9489279985427856,62.18097447795824,True
medium,InBr,0.7487319707870483,9.744779582366588,False
medium,InCl,0.7583997249603271,10.208816705336426,False
medium,InF3,0.9443811178207397,53.596287703016245,False
medium,InI2,0.9609550833702087,80.2784222737819,False
medium,InI3,0.9819031953811646,97.21577726218096,True
medium,InI,0.747671902179718,9.51276102088167,False
medium,IrBr3,0.9513797760009766,67.28538283062645,False
medium,IrCl3,0.9514541625976562,67.51740139211137,False
medium,IrF3,0.9409899115562439,48.027842227378194,False
medium,IrF4,0.9484767317771912,61.25290023201856,False
medium,IrF6,0.9436140060424805,51.27610208816705,False
medium,KBr,0.7471776008605957,8.816705336426914,False
medium,KCl,0.7471774816513062,4.408352668213457,False
medium,KF3,0.9738491177558899,94.66357308584686,False
medium,KF5,0.9529827237129211,71.22969837587007,False
medium,KF,0.7471776008605957,8.816705336426914,False
medium,KI,0.7471776008605957,8.816705336426914,False
medium,La2Br5,0.9435762763023376,51.04408352668214,False
medium,La2I5,0.9441746473312378,53.1322505800464,False
medium,LaBr2,0.9288763403892517,30.162412993039446,False
medium,LaBr3,0.9395892024040222,41.9953596287703,False
medium,LaBr,0.7351309657096863,1.3921113689095126,False
medium,LaCl3,0.9391338229179382,39.21113689095127,False
medium,LaCl,0.7467688322067261,3.7122969837587005,False
medium,LaF3,0.9420489072799683,48.72389791183295,False
medium,LaI2,0.9212355613708496,18.329466357308586,False
medium,LaI3,0.9402754902839661,45.47563805104408,False
medium,LaI,0.7431998252868652,3.0162412993039442,False
medium,LiBr,0.7471776008605957,8.816705336426914,False
medium,LiCl,0.7471774816513062,4.408352668213457,False
medium,LiF,0.7471776008605957,8.816705336426914,False
medium,LiI,0.7645611763000488,10.904872389791183,False
medium,MgBr2,0.9273261427879333,25.290023201856147,False
medium,MgCl2,0.9283187985420227,27.610208816705335,False
medium,MgF2,0.9276639819145203,25.754060324825982,False
medium,MgI2,0.9274831414222717,25.52204176334107,False
medium,MnBr2,0.9283356070518494,27.842227378190255,False
medium,MnCl2,0.9279094338417053,26.450116009280745,False
medium,MnF2,0.9286392331123352,28.770301624129928,False
medium,MnF3,0.963438868522644,83.9907192575406,False
medium,MnF4,0.9706833362579346,92.5754060324826,False
medium,MnI2,0.9280263185501099,26.91415313225058,False
medium,MoBr2,0.9474623799324036,59.164733178654295,False
medium,MoCl2,0.9491754770278931,62.87703016241299,False
medium,MoCl3,0.9558777213096619,74.47795823665894,False
medium,MoCl4,0.9694616198539734,90.95127610208816,False
medium,MoCl5,0.9598501920700073,78.88631090487239,False
medium,MoF3,0.9519701600074768,68.90951276102089,False
medium,MoF5,0.9591546058654785,78.19025522041764,False
medium,MoF6,0.9643574953079224,85.84686774941996,False
medium,MoI2,0.9465367197990417,58.0046403712297,False
medium,NaBr,0.7471776008605957,8.816705336426914,False
medium,NaCl3,0.9432178735733032,50.34802784222738,False
medium,NaCl,0.7471776008605957,8.816705336426914,False
medium,NaF,0.7471775412559509,4.640371229698376,False
medium,NaI,0.7554810047149658,9.976798143851507,False
medium,Nb2F5,0.940897524356842,47.56380510440835,False
medium,Nb3Br8,0.950354814529419,65.19721577726219,False
medium,Nb3Cl7,0.9479126334190369,59.62877030162414,False
medium,Nb3Cl8,0.949284017086029,63.10904872389791,False
medium,Nb3I8,0.9493559002876282,63.341067285382834,False
medium,Nb6I11,0.9322571754455566,33.64269141531322,False
medium,NbBr4,0.9574480056762695,76.79814385150812,False
medium,NbBr5,0.9577712416648865,77.26218097447796,False
medium,NbCl4,0.9608538746833801,79.81438515081206,False
medium,NbCl5,0.9619773030281067,81.67053364269141,False
medium,NbF3,0.9519699811935425,68.67749419953596,False
medium,NbF4,0.9590436220169067,77.9582366589327,False
medium,NbF5,0.9534501433372498,71.92575406032483,False
medium,NbI3,0.9497784972190857,64.73317865429235,False
medium,NbI4,0.952995240688324,71.46171693735499,False
medium,NbI5,0.9528541564941406,70.53364269141531,False
medium,Nd4Br9,0.9341191053390503,35.266821345707655,False
medium,NdBr3,0.9402741193771362,45.243619489559165,False
medium,NdCl2,0.9263248443603516,23.201856148491878,False
medium,NdCl3,0.9393985271453857,41.29930394431555,False
medium,NdF3,0.9482429027557373,60.556844547563806,False
medium,NdI2,0.9214998483657837,18.561484918793504,False
medium,NiBr2,0.9304181337356567,32.71461716937355,False
medium,NiCl2,0.9293073415756226,31.09048723897912,False
medium,NiF2,0.9277601838111877,25.986078886310903,False
medium,NiF3,0.9511808753013611,66.5893271461717,False
medium,NiI2,0.930080771446228,32.25058004640371,False
medium,NpBr3,0.9406854510307312,47.33178654292343,False
medium,NpCl3,0.9391078352928162,38.97911832946635,False
medium,NpF3,0.9420890808105469,48.95591647331787,False
medium,NpF4,0.9432929754257202,50.580046403712295,False
medium,NpI3,0.9404084086418152,46.403712296983755,False
medium,OsBr4,0.9622505903244019,82.36658932714617,False
medium,OsCl4,0.9619402885437012,81.4385150812065,False
medium,OsF5,0.9513694047927856,67.05336426914154,False
medium,OsF6,0.9440997242927551,52.66821345707656,False
medium,PaBr4,0.938941240310669,37.81902552204176,False
medium,PaBr5,0.9487087726593018,61.7169373549884,False
medium,PaCl4,0.9388874769210815,37.35498839907193,False
medium,PaCl5,0.9498136043548584,64.96519721577727,False
medium,PbBr2,0.9303103685379028,32.48259860788863,False
medium,PbCl2,0.9281104803085327,27.1461716937355,False
medium,PbCl4,0.9667034149169922,89.55916473317865,False
medium,PbF2,0.9266117811203003,23.897911832946637,False
medium,PbF4,0.9458795189857483,55.91647331786543,False
medium,PbI2,0.9254962205886841,22.041763341067284,False
medium,PdBr2,0.9584349989891052,77.49419953596288,False
medium,PdCl2,0.9650402069091797,86.77494199535964,False
medium,PdF2,0.9285919070243835,28.538283062645007,False
medium,PdF3,0.9608404040336609,79.58236658932715,False
medium,PdF4,0.9493802189826965,63.80510440835266,False
medium,PdI2,0.9491461515426636,62.64501160092807,False
medium,Pr2Br5,0.943102240562439,50.11600928074246,False
medium,Pr2I5,0.9454006552696228,54.988399071925755,False
medium,PrBr3,0.9397737383842468,43.1554524361949,False
medium,PrCl3,0.9392465949058533,40.13921113689095,False
medium,PrF3,0.9384434819221497,37.12296983758701,False
medium,PrI2,0.925653338432312,22.505800464037122,False
medium,Pt3I8,0.9650967121124268,87.00696055684455,False
medium,PtBr3,0.9605899453163147,79.11832946635731,False
medium,PtCl2,0.9573495388031006,76.5661252900232,False
medium,PtCl3,0.9622236490249634,82.13457076566125,False
medium,PtCl4,0.9931961297988892,99.30394431554525,False
medium,PtF4,0.946640133857727,58.70069605568445,False
medium,PtF5,0.9443948864936829,53.82830626450116,False
medium,PtF6,0.9374679327011108,35.96287703016242,False
medium,PtI2,0.9518197178840637,67.98143851508121,False
medium,PtI3,0.9577375054359436,77.03016241299304,False
medium,PtI4,0.956665575504303,75.4060324825986,False
medium,PuBr3,0.9405897259712219,47.09976798143852,False
medium,PuCl3,0.9391344785690308,39.443155452436194,False
medium,PuF3,0.9423372149467468,49.187935034802784,False
medium,PuI3,0.9403786659240723,45.93967517401392,False
medium,RbBr,0.7471776008605957,8.816705336426914,False
medium,RbCl,0.7471776008605957,8.816705336426914,False
medium,RbF,0.7439725995063782,3.480278422273782,False
medium,RbI3,0.9679285287857056,90.02320185614849,False
medium,RbI,0.7471776008605957,8.816705336426914,False
medium,ReCl3,0.970687985420227,92.80742459396751,False
medium,ReCl4,0.9760322570800781,95.59164733178655,False
medium,ReCl5,0.9691575169563293,90.48723897911833,False
medium,ReCl6,0.9402137398719788,44.31554524361949,False
medium,ReF7,0.9394923448562622,41.76334106728538,False
medium,ReI3,0.9792485237121582,95.82366589327145,False
medium,RhBr3,0.9513593316078186,66.8213457076566,False
medium,RhCl3,0.9515652656555176,67.74941995359629,False
medium,RhF3,0.9542295336723328,73.08584686774941,False
medium,RhF5,0.9528768062591553,70.76566125290023,False
medium,RuBr3,0.9508364200592041,66.35730858468676,False
medium,RuCl3,0.9556106925010681,74.0139211136891,False
medium,RuF3,0.9441525340080261,52.90023201856149,False
medium,RuF4,0.9564216136932373,75.1740139211137,False
medium,RuF5,0.9545799493789673,73.31786542923435,False
medium,Sc5Cl8,0.9101681709289551,17.865429234338748,False
medium,Sc7Cl10,0.8930242657661438,16.473317865429234,False
medium,Sc7Cl12,0.9080477356910706,17.633410672853827,False
medium,ScCl3,0.9487910270690918,62.18097447795824,False
medium,ScCl,0.7475959062576294,9.280742459396752,False
medium,ScF3,0.9524368047714233,69.83758700696056,False
medium,Sm11Br24,0.9359040260314941,35.498839907192576,False
medium,Sm5Br11,0.9324195981025696,34.106728538283065,False
medium,Sm6Br13,0.9339023232460022,35.03480278422274,False
medium,SmBr3,0.9405031800270081,46.635730858468676,False
medium,SmCl2,0.9266894459724426,24.129930394431554,False
medium,SmF3,0.9397034049034119,42.459396751740144,False
medium,SmI2,0.925142228603363,21.809744779582367,False
medium,Sn3F8,0.9634029865264893,83.75870069605568,False
medium,SnBr2,0.9404054284095764,46.17169373549884,False
medium,SnBr4,0.9819165468215942,97.4477958236659,False
medium,SnCl2,0.9389078617095947,37.58700696055685,True
medium,SnCl4,0.9850153923034668,97.91183294663574,False
medium,SnF2,0.9484643340110779,61.02088167053365,False
medium,SnF3,0.9566759467124939,75.63805104408353,False
medium,SnF4,0.9465005397796631,57.30858468677494,False
medium,SnI2,0.9305302500724792,32.94663573085847,False
medium,SnI3,0.9624943137168884,82.5986078886311,False
medium,SnI4,0.9799036383628845,96.75174013921114,False
medium,SrBr2,0.929614245891571,32.01856148491879,False
medium,SrCl2,0.9242433905601501,21.11368909512761,False
medium,SrF2,0.9333253502845764,34.80278422273782,False
medium,SrF3,0.9507787823677063,66.12529002320186,False
medium,SrI2,0.9287484884262085,29.466357308584683,False
medium,Ta2Br5,0.9607973098754883,79.35034802784223,False
medium,Ta2Cl5,0.963706910610199,84.22273781902551,False
medium,Ta3Br7,0.9518243670463562,68.21345707656613,False
medium,Ta3I7,0.9521724581718445,69.37354988399072,False
medium,TaBr5,0.9569811820983887,76.10208816705337,False
medium,TaCl3,0.9426885843276978,49.651972157772626,False
medium,TaCl4,0.9612793326377869,80.74245939675174,False
medium,TaCl5,0.9607921838760376,79.11832946635731,True
medium,TaF3,0.9519699811935425,68.67749419953596,False
medium,TaF5,0.9540839791297913,72.8538283062645,False
medium,TaI4,0.966063916683197,88.63109048723898,False
medium,TaI5,0.9526230096817017,70.06960556844548,False
medium,Tb4F15,0.9465252757072449,57.540603248259856,False
medium,Tb5Br8,0.9010562896728516,17.16937354988399,False
medium,Tb6Br7,0.8046669960021973,13.921113689095128,False
medium,TbBr,0.7384678721427917,1.6241299303944314,False
medium,TbCl3,0.9459139108657837,56.148491879350345,False
medium,TbCl,0.7344825863838196,1.160092807424594,False
medium,TbF3,0.939258337020874,40.37122969837587,False
medium,TcBr4,0.9650146961212158,86.5429234338747,False
medium,TcCl3,0.9708333015441895,93.03944315545245,False
medium,TcCl4,0.9697408676147461,91.415313225058,False
medium,Th2Br5,0.9405794739723206,46.8677494199536,False
medium,ThBr4,0.9381344318389893,36.89095127610209,False
medium,ThCl4,0.9380789399147034,36.65893271461717,False
medium,ThF4,0.9436701536178589,51.508120649651964,False
medium,ThI2,0.9245955348014832,21.34570765661253,False
medium,ThI3,0.9479155540466309,59.86078886310905,False
medium,ThI4,0.9451683163642883,54.524361948955914,False
medium,Ti7Br16,0.9466294646263123,58.46867749419954,False
medium,Ti7Cl16,0.9477271437644958,59.39675174013921,False
medium,TiBr2,0.9271124005317688,24.825986078886313,False
medium,TiBr3,0.9537427425384521,72.15777262180974,False
medium,TiBr4,0.99141526222229,98.60788863109049,False
medium,TiCl2,0.9325338006019592,34.33874709976798,False
medium,TiCl3,0.9561575055122375,74.70997679814386,False
medium,TiCl4,0.9926264882087708,98.83990719257541,False
medium,TiF2,0.9242433905601501,21.11368909512761,False
medium,TiF3,0.9519920945167542,69.1415313225058,False
medium,TiF4,0.9837251305580139,97.6798143851508,False
medium,TiI3,0.9561706781387329,74.94199535962876,False
medium,TiI4,0.9704769253730774,92.11136890951276,False
medium,Tl2Br3,0.8979299664497375,16.70533642691415,False
medium,Tl2Cl3,0.899241030216217,16.937354988399072,False
medium,TlBr2,0.9592123627662659,78.42227378190255,False
medium,TlBr3,0.9695030450820923,91.1832946635731,False
medium,TlBr,0.7471776008605957,8.816705336426914,False
medium,TlCl2,0.9529573321342468,70.99767981438515,False
medium,TlCl3,0.9611762762069702,80.51044083526682,False
medium,TlCl,0.7471776008605957,8.816705336426914,False
medium,TlF3,0.9402741193771362,45.243619489559165,False
medium,TlF,0.7390065789222717,1.8561484918793503,False
medium,TlI3,0.9640540480613708,84.68677494199535,False
medium,TlI,0.7471776008605957,8.816705336426914,False
medium,Tm7Cl15,0.9389508962631226,38.2830626450116,False
medium,TmCl2,0.9250238537788391,21.57772621809745,False
medium,TmCl3,0.9425195455551147,49.419953596287705,False
medium,TmI2,0.9271222352981567,25.05800464037123,False
medium,U2F9,0.9394770264625549,41.53132250580047,False
medium,UBr3,0.9403316378593445,45.707656612529,False
medium,UBr4,0.946177065372467,56.61252900232019,False
medium,UBr5,0.9481202363967896,60.092807424593964,False
medium,UCl3,0.9397322535514832,42.92343387470998,False
medium,UCl4,0.9396696090698242,42.22737819025522,False
medium,UCl5,0.9539874792098999,72.62180974477958,False
medium,UCl6,0.9397123456001282,42.69141531322506,False
medium,UF3,0.9393969774246216,41.067285382830626,False
medium,UF4,0.9457804560661316,55.4524361948956,False
medium,UF5,0.9632563591003418,83.52668213457076,False
medium,UF6,0.9317425489425659,33.17865429234338,False
medium,UI3,0.94024258852005,44.5475638051044,False
medium,UI4,0.9539554715156555,72.38979118329466,False
medium,VBr2,0.9279789924621582,26.68213457076566,False
medium,VCl2,0.9287208318710327,29.00232018561485,False
medium,VCl3,0.9493663311004639,63.57308584686775,False
medium,VCl4,0.993712306022644,99.53596287703016,False
medium,VCl5,0.9656617045402527,88.16705336426914,False
medium,VF2,0.9283811450004578,28.306264501160094,False
medium,VF3,0.9507238268852234,65.66125290023201,False
medium,VF4,0.9735564589500427,94.19953596287704,False
medium,VF5,0.9740148186683655,94.89559164733178,False
medium,VI2,0.929095447063446,30.8584686774942,False
medium,W15I47,0.9640641212463379,84.91879350348029,False
medium,W2Br5,0.9706089496612549,92.34338747099768,False
medium,W3Br7,0.9662120938301086,88.8631090487239,False
medium,W3Br8,0.9631268382072449,83.29466357308584,False
medium,W3I8,0.9653236269950867,87.47099767981439,False
medium,W5I16,0.9649270176887512,86.3109048723898,False
medium,WBr2,0.9465858340263367,58.23665893271461,False
medium,WBr4,0.9549745321273804,73.54988399071925,False
medium,WBr5,0.9642999172210693,85.38283062645012,False
medium,WBr6,0.9399499893188477,43.851508120649655,False
medium,WCl3,0.9533548355102539,71.6937354988399,False
medium,WCl4,0.9595232009887695,78.65429234338747,False
medium,WCl5,0.9609156250953674,80.04640371229699,False
medium,WCl6,0.9458543062210083,55.68445475638051,False
medium,WF6,0.946302056312561,57.076566125290014,False
medium,WI3,0.9643492102622986,85.61484918793504,False
medium,WI4,0.9675310850143433,89.79118329466357,False
medium,Y2Cl3,0.8822786211967468,16.009280742459396,False
medium,YCl3,0.9522976875305176,69.60556844547564,False
medium,YCl,0.7343589663505554,0.9280742459396751,False
medium,YF3,0.9391363859176636,39.675174013921115,False
medium,YI3,0.9449909925460815,54.292343387471,False
medium,YI,0.7408936023712158,2.320185614849188,False
medium,YbBr2,0.9267851114273071,24.361948955916475,False
medium,YbF3,0.9393662214279175,40.835266821345705,False
medium,YbI2,0.9278535842895508,26.218097447795824,False
medium,ZnBr2,0.9655347466468811,87.93503480278422,False
medium,ZnCl2,0.9634878635406494,83.9907192575406,True
medium,ZnF2,0.928366482257843,28.074245939675173,False
medium,ZnI2,0.9663099050521851,89.0951276102088,False
medium,Zr2Cl5,0.9651550054550171,87.23897911832947,False
medium,ZrBr2,0.9294516444206238,31.554524361948953,False
medium,ZrBr3,0.9460951089859009,56.380510440835266,False
medium,ZrBr,0.7438132762908936,3.248259860788863,False
medium,ZrCl2,0.9319049715995789,33.4106728538283,False
medium,ZrCl3,0.9616084694862366,81.20649651972158,False
medium,ZrCl4,0.9704844951629639,92.11136890951276,True
medium,ZrCl,0.7410944104194641,2.5522041763341066,False
medium,ZrF4,0.9465291500091553,57.772621809744784,False
medium,ZrI2,0.932399570941925,33.874709976798144,False
medium,ZrI4,0.9799774885177612,96.98375870069606,False
wide,AcBr3,0.988577127456665,61.94895591647332,False
wide,AcCl3,0.9888789057731628,63.57308584686775,False
wide,Ag2F5,0.9827842712402344,53.1322505800464,False
wide,Ag2F,0.3977069556713104,0.6960556844547563,False
wide,Ag3F8,0.9857195615768433,55.4524361948956,False
wide,AgBr,0.7252798080444336,3.248259860788863,False
wide,AgCl,0.7268921136856079,6.960556844547564,False
wide,AgF2,0.9601932764053345,41.53132250580047,False
wide,AgF,0.7252798080444336,3.248259860788863,False
wide,AgI,0.7265382409095764,6.728538283062645,False
wide,AlBr3,0.9892176389694214,64.96519721577727,True
wide,AlCl3,0.9924708008766174,77.49419953596288,True
wide,AlF3,0.9937028884887695,80.97447795823666,False
wide,AlI3,0.9867287278175354,55.91647331786543,False
wide,Au3F8,0.9849284887313843,55.22041763341067,False
wide,AuBr3,0.9910826086997986,71.46171693735499,False
wide,AuBr,0.7138575315475464,1.160092807424594,False
wide,AuCl2,0.9598159193992615,40.835266821345705,False
wide,AuCl3,0.9940136075019836,81.67053364269141,False
wide,AuCl,0.7048587799072266,0.9280742459396751,False
wide,AuF5,0.9980038404464722,91.64733178654292,False
wide,AuI,0.7198958992958069,1.3921113689095126,False
wide,BaBr2,0.9536612033843994,31.09048723897912,False
wide,BaCl2,0.9541030526161194,31.786542923433874,False
wide,BaF2,0.9546210169792175,32.48259860788863,False
wide,BaF3,0.9864692091941833,55.68445475638051,False
wide,BaI2,0.9541002511978149,31.554524361948953,False
wide,BeBr2,0.9337334632873535,18.561484918793504,False
wide,BeCl2,0.9586685299873352,39.21113689095127,False
wide,BeF2,0.9527721405029297,30.162412993039446,False
wide,BeI2,0.9587955474853516,39.675174013921115,False
wide,Bi4I,0.20991617441177368,0.46403712296983757,False
wide,Bi6Br7,0.8240354061126709,14.153132250580047,False
wide,Bi6Cl7,0.8264292478561401,14.617169373549885,False
wide,Bi9I2,0.18196502327919006,0.23201856148491878,False
wide,BiBr3,0.9931797981262207,79.35034802784223,False
wide,BiBr,0.7544872760772705,12.529002320185615,False
wide,BiCl3,0.9904067516326904,70.30162412993039,False
wide,BiF3,0.9882564544677734,60.78886310904872,False
wide,BiF5,0.9947694540023804,83.29466357308584,False
wide,BiI3,0.9901768565177917,69.60556844547564,False
wide,BiI,0.7519419193267822,11.36890951276102,False
wide,CaBr2,0.9571368098258972,35.96287703016242,False
wide,CaCl2,0.9610898494720459,43.1554524361949,False
wide,CaF2,0.9536826610565186,31.322505800464036,False
wide,CaI2,0.9496474266052246,23.4338747099768,False
wide,Cd13I28,0.9827882647514343,53.36426914153132,False
wide,CdBr2,0.9495472311973572,22.96983758700696,False
wide,CdCl2,0.9501327276229858,25.52204176334107,False
wide,CdCl4,0.9466024041175842,20.649651972157773,False
wide,CdF2,0.9519067406654358,29.00232018561485,False
wide,CdI2,0.9766317009925842,48.95591647331787,False
wide,Ce2Br5,0.9778026342391968,50.580046403712295,False
wide,CeBr3,0.9892613887786865,65.66125290023201,False
wide,CeCl3,0.9888556599617004,63.10904872389791,False
wide,CeF3,0.988334059715271,61.48491879350348,False
wide,CeF4,0.9932674765586853,80.04640371229699,False
wide,CoBr2,0.9503952860832214,26.68213457076566,False
wide,CoBr,0.7239947319030762,1.6241299303944314,False
wide,CoCl2,0.9504849314689636,27.1461716937355,False
wide,CoF2,0.9580225348472595,38.05104408352668,False
wide,CoF3,0.9916751980781555,73.54988399071925,False
wide,CoI2,0.9503521919250488,26.450116009280745,False
wide,Cr2F5,0.9817116260528564,52.66821345707656,False
wide,CrBr2,0.9533474445343018,30.62645011600928,False
wide,CrBr3,0.9919123649597168,74.47795823665894,False
wide,CrCl2,0.9587427377700806,39.443155452436194,False
wide,CrCl3,0.9946057796478271,82.830626450116,False
wide,CrF2,0.9602755904197693,41.76334106728538,False
wide,CrF3,0.9909616112709045,71.22969837587007,False
wide,CrF4,0.9986094832420349,96.2877030162413,False
wide,CrF5,0.9962552189826965,87.70301624129931,False
wide,CrI2,0.9548469185829163,32.71461716937355,False
wide,CsBr3,0.9635546207427979,44.5475638051044,False
wide,CsBr,0.7257559299468994,6.0324825986078885,False
wide,CsCl,0.7257559299468994,6.0324825986078885,False
wide,CsF,0.7257559299468994,6.0324825986078885,False
wide,CsI3,0.9716936349868774,47.09976798143852,False
wide,CsI4,0.9737087488174438,47.79582366589327,False
wide,CsI,0.7321226596832275,8.352668213457076,False
wide,CuBr2,0.9576175212860107,37.58700696055685,False
wide,CuBr,0.7442337870597839,10.904872389791183,False
wide,CuCl2,0.9557534456253052,33.64269141531322,False
wide,CuCl,0.7323080897331238,8.816705336426914,False
wide,CuF2,0.9599125385284424,41.067285382830626,False
wide,CuF,0.7265382409095764,6.728538283062645,False
wide,CuI,0.7378457188606262,9.976798143851507,False
wide,Dy5Cl11,0.9701892137527466,46.635730858468676,False
wide,DyBr2,0.9569693207740784,35.730858468677496,False
wide,DyCl3,0.9903008937835693,69.83758700696056,False
wide,Er4I5,0.8317973017692566,14.849187935034802,False
wide,Er6I7,0.8241297006607056,14.385150812064964,False
wide,ErF3,0.9877020120620728,58.70069605568445,False
wide,EuBr2,0.9541709423065186,32.01856148491879,False
wide,EuCl2,0.9535013437271118,30.8584686774942,False
wide,EuCl3,0.9890705347061157,64.96519721577727,False
wide,EuF2,0.9519068002700806,29.23433874709977,False
wide,EuF3,0.9883023500442505,61.02088167053365,False
wide,EuI2,0.9560208916664124,34.5707656612529,False
wide,FeBr2,0.9501190185546875,25.290023201856147,False
wide,FeBr3,0.9916857481002808,74.0139211136891,False
wide,FeCl2,0.9501639604568481,25.754060324825982,False
wide,FeCl3,0.9917001128196716,74.0139211136891,True
wide,FeF2,0.9593596458435059,40.60324825986079,False
wide,FeF3,0.9911433458328247,71.92575406032483,False
wide,FeI2,0.9500319361686707,24.593967517401392,False
wide,Ga2I3,0.8991261720657349,16.70533642691415,False
wide,Ga3Cl7,0.9798623323440552,51.972157772621806,False
wide,GaBr2,0.9632852077484131,44.08352668213457,False
wide,GaBr3,0.9872669577598572,57.076566125290014,False
wide,GaCl2,0.9615724682807922,43.38747099767982,False
wide,GaCl3,0.9897251129150391,66.5893271461717,True
wide,GaF3,0.9910876154899597,71.46171693735499,True
wide,GaI2,0.9608139395713806,42.69141531322506,False
wide,GaI3,0.9874584674835205,57.540603248259856,False
wide,Gd2Br3,0.8951991200447083,16.009280742459396,False
wide,Gd2Cl3,0.8959397077560425,16.473317865429234,False
wide,GdBr3,0.9911311864852905,71.6937354988399,False
wide,GdBr,0.753855288028717,12.064965197215777,False
wide,GdCl3,0.989468514919281,65.89327146171694,False
wide,HfCl4,0.9999426603317261,100.0,False
wide,HfF4,0.9933839440345764,80.2784222737819,False
wide,HfI3,0.9869787096977234,56.148491879350345,False
wide,HfI4,0.9998776912689209,99.76798143851508,False
wide,HgBr2,0.9588918685913086,39.90719257540603,False
wide,HgBr,0.7391061186790466,10.440835266821345,False
wide,HgCl2,0.952401876449585,29.930394431554525,False
wide,HgCl,0.7379159927368164,10.208816705336426,False
wide,HgF2,0.9519067406654358,29.00232018561485,False
wide,HgF,0.7418559789657593,10.672853828306264,False
wide,HgI2,0.9592074155807495,40.37122969837587,False
wide,HgI,0.735820472240448,9.744779582366588,False
wide,HoF3,0.9876787662506104,58.46867749419954,False
wide,In2Cl3,0.906798779964447,17.40139211136891,False
wide,In4Br7,0.9395115971565247,18.793503480278424,False
wide,In5Br7,0.8883074522018433,15.777262180974477,False
wide,In5Cl9,0.9446543455123901,19.721577726218097,False
wide,In7Br9,0.842947244644165,15.081206496519723,False
wide,In7Cl9,0.8444933295249939,15.31322505800464,False
wide,InBr2,0.9631772637367249,43.851508120649655,False
wide,InBr3,0.9913623929023743,72.15777262180974,True
wide,InBr,0.7330111265182495,9.048723897911833,False
wide,InCl,0.7336245179176331,9.280742459396752,False
wide,InF3,0.990516185760498,70.76566125290023,False
wide,InI2,0.9633090496063232,44.31554524361949,False
wide,InI3,0.9885772466659546,61.94895591647332,True
wide,InI,0.7315766215324402,8.120649651972158,False
wide,IrBr3,0.9920291304588318,74.94199535962876,False
wide,IrCl3,0.9920394420623779,75.1740139211137,False
wide,IrF3,0.989509642124176,66.12529002320186,False
wide,IrF4,0.9983685612678528,94.19953596287704,False
wide,IrF6,0.995903491973877,86.77494199535964,False
wide,KBr,0.7257559299468994,6.0324825986078885,False
wide,KCl,0.7257559299468994,6.0324825986078885,False
wide,KF3,0.9683740139007568,45.707656612529,False
wide,KF5,0.9786823391914368,51.27610208816705,False
wide,KF,0.7257559299468994,6.0324825986078885,False
wide,KI,0.7257559299468994,6.0324825986078885,False
wide,La2Br5,0.9776307344436646,50.11600928074246,False
wide,La2I5,0.9772512912750244,49.419953596287705,False
wide,LaBr2,0.9482871294021606,21.34570765661253,False
wide,LaBr3,0.9889164566993713,64.03712296983758,False
wide,LaBr,0.7539193034172058,12.296983758700696,False
wide,LaCl3,0.9888337850570679,62.87703016241299,False
wide,LaCl,0.7533868551254272,11.832946635730858,False
wide,LaF3,0.9879804849624634,59.62877030162414,False
wide,LaI2,0.949059009552002,22.2737819025522,False
wide,LaI3,0.9896328449249268,66.5893271461717,False
wide,LaI,0.7339368462562561,9.51276102088167,False
wide,LiBr,0.7252798080444336,3.248259860788863,False
wide,LiCl,0.7252798080444336,3.248259860788863,False
wide,LiF,0.7252798080444336,3.248259860788863,False
wide,LiI,0.7259590029716492,6.2645011600928076,False
wide,MgBr2,0.9498509168624878,24.129930394431554,False
wide,MgCl2,0.9503155946731567,26.218097447795824,False
wide,MgF2,0.9574123024940491,36.65893271461717,False
wide,MgI2,0.9496377110481262,23.201856148491878,False
wide,MnBr2,0.9499719142913818,24.361948955916475,False
wide,MnCl2,0.9501070380210876,25.05800464037123,False
wide,MnF2,0.9582598209381104,38.51508120649652,False
wide,MnF3,0.991952121257782,74.70997679814386,False
wide,MnF4,0.9991132616996765,97.91183294663574,False
wide,MnI2,0.9497938752174377,23.897911832946637,False
wide,MoBr2,0.9433388710021973,19.489559164733176,False
wide,MoCl2,0.9459158182144165,19.953596287703014,False
wide,MoCl3,0.9930252432823181,78.88631090487239,False
wide,MoCl4,0.9991865754127502,98.14385150812065,False
wide,MoCl5,0.9987869262695312,96.98375870069606,False
wide,MoF3,0.9904683232307434,70.53364269141531,False
wide,MoF5,0.9978461265563965,90.71925754060325,False
wide,MoF6,0.9954885244369507,85.1508120649652,False
wide,MoI2,0.9400321245193481,19.02552204176334,False
wide,NaBr,0.7252798080444336,3.248259860788863,False
wide,NaCl3,0.9883795380592346,61.7169373549884,False
wide,NaCl,0.7257559299468994,6.0324825986078885,False
wide,NaF,0.7252798080444336,3.248259860788863,False
wide,NaI,0.7321624159812927,8.584686774941995,False
wide,Nb2F5,0.9777517318725586,50.34802784222738,False
wide,Nb3Br8,0.9839334487915039,54.524361948955914,False
wide,Nb3Cl7,0.9697296619415283,46.403712296983755,False
wide,Nb3Cl8,0.9836102724075317,54.292343387471,False
wide,Nb3I8,0.9832746386528015,54.060324825986086,False
wide,Nb6I11,0.9246817827224731,18.329466357308586,False
wide,NbBr4,0.9983009696006775,93.03944315545245,False
wide,NbBr5,0.9986542463302612,96.75174013921114,False
wide,NbCl4,0.9983136653900146,93.50348027842227,False
wide,NbCl5,0.9983312487602234,93.96751740139212,False
wide,NbF3,0.9898709654808044,68.21345707656613,False
wide,NbF4,0.997143566608429,88.63109048723898,False
wide,NbF5,0.9973422288894653,89.0951276102088,False
wide,NbI3,0.9875194430351257,57.772621809744784,False
wide,NbI4,0.9974337816238403,89.55916473317865,False
wide,NbI5,0.9985544085502625,95.82366589327145,False
wide,Nd4Br9,0.971010684967041,46.8677494199536,False
wide,NdBr3,0.9895867705345154,66.35730858468676,False
wide,NdCl2,0.9562670588493347,35.03480278422274,False
wide,NdCl3,0.9889737367630005,64.2691415313225,False
wide,NdF3,0.9882380962371826,60.556844547563806,False
wide,NdI2,0.9487188458442688,22.041763341067284,False
wide,NiBr2,0.9508341550827026,27.842227378190255,False
wide,NiCl2,0.9504626989364624,26.91415313225058,False
wide,NiF2,0.9574101567268372,36.42691415313225,False
wide,NiF3,0.9921747446060181,76.5661252900232,False
wide,NiI2,0.950678825378418,27.610208816705335,False
wide,NpBr3,0.9897857904434204,67.51740139211137,False
wide,NpCl3,0.9888280630111694,62.64501160092807,False
wide,NpF3,0.9879920482635498,59.86078886310905,False
wide,NpF4,0.9932081699371338,79.58236658932715,False
wide,NpI3,0.9900315403938293,68.90951276102089,False
wide,OsBr4,0.9993802905082703,98.60788863109049,False
wide,OsCl4,0.9992051124572754,98.37587006960557,False
wide,OsF5,0.9983168840408325,93.7354988399072,False
wide,OsF6,0.9959974884986877,87.23897911832947,False
wide,PaBr4,0.9950104355812073,84.22273781902551,False
wide,PaBr5,0.997995138168335,91.415313225058,False
wide,PaCl4,0.9949753284454346,83.75870069605568,False
wide,PaCl5,0.9982064366340637,92.34338747099768,False
wide,PbBr2,0.9573402404785156,36.19489559164733,False
wide,PbCl2,0.9562462568283081,34.80278422273782,False
wide,PbCl4,0.9930202960968018,78.65429234338747,False
wide,PbF2,0.9549256563186646,32.94663573085847,False
wide,PbF4,0.9938891530036926,81.4385150812065,False
wide,PbI2,0.9491830468177795,22.73781902552204,False
wide,PdBr2,0.9574850797653198,37.35498839907193,False
wide,PdCl2,0.9606444835662842,42.22737819025522,False
wide,PdF2,0.9574755430221558,36.89095127610209,False
wide,PdF3,0.9921634197235107,76.33410672853829,False
wide,PdF4,0.9984947443008423,94.66357308584686,False
wide,PdI2,0.9589691758155823,40.13921113689095,False
wide,Pr2Br5,0.977311372756958,49.651972157772626,False
wide,Pr2I5,0.9774029850959778,49.88399071925754,False
wide,PrBr3,0.9890241622924805,64.50116009280742,False
wide,PrCl3,0.9888843297958374,63.80510440835266,False
wide,PrF3,0.9872184991836548,56.61252900232019,False
wide,PrI2,0.9468081593513489,20.88167053364269,False
wide,Pt3I8,0.9887690544128418,62.18097447795824,False
wide,PtBr3,0.9921193718910217,75.87006960556845,False
wide,PtCl2,0.9609333276748657,42.92343387470998,False
wide,PtCl3,0.9924324154853821,77.49419953596288,False
wide,PtCl4,0.9928523302078247,78.19025522041764,False
wide,PtF4,0.9979246258735657,91.1832946635731,False
wide,PtF5,0.9974837303161621,89.79118329466357,False
wide,PtF6,0.9955889582633972,85.61484918793504,False
wide,PtI2,0.9552065134048462,33.17865429234338,False
wide,PtI3,0.9924024343490601,77.26218097447796,False
wide,PtI4,0.9988998174667358,97.4477958236659,False
wide,PuBr3,0.9897500276565552,67.05336426914154,False
wide,PuCl3,0.9888048768043518,62.41299303944315,False
wide,PuF3,0.9880906939506531,60.092807424593964,False
wide,PuI3,0.9900129437446594,68.67749419953596,False
wide,RbBr,0.7257559299468994,6.0324825986078885,False
wide,RbCl,0.7257559299468994,6.0324825986078885,False
wide,RbF,0.7257559299468994,6.0324825986078885,False
wide,RbI3,0.9782704710960388,50.81206496519721,False
wide,RbI,0.7257559299468994,6.0324825986078885,False
wide,ReCl3,0.9844073057174683,54.75638051044084,False
wide,ReCl4,0.9936416149139404,80.51044083526682,False
wide,ReCl5,0.9960351586341858,87.47099767981439,False
wide,ReCl6,0.9957723021507263,86.5429234338747,False
wide,ReF7,0.9922474026679993,76.79814385150812,False
wide,ReI3,0.9829022288322449,53.596287703016245,False
wide,RhBr3,0.9920445084571838,75.4060324825986,False
wide,RhCl3,0.992128849029541,76.10208816705337,False
wide,RhF3,0.9912058711051941,72.15777262180974,False
wide,RhF5,0.998404860496521,94.43155452436194,False
wide,RuBr3,0.9872369766235352,56.8445475638051,False
wide,RuCl3,0.9925251603126526,77.7262180974478,False
wide,RuF3,0.9903551936149597,70.06960556844548,False
wide,RuF4,0.9985484480857849,95.59164733178655,False
wide,RuF5,0.9984961152076721,94.89559164733178,False
wide,Sc5Cl8,0.9186980128288269,17.865429234338748,False
wide,Sc7Cl10,0.8869208097457886,15.54524361948956,False
wide,Sc7Cl12,0.920322835445404,18.097447795823665,False
wide,ScCl3,0.9915759563446045,73.08584686774941,False
wide,ScCl,0.7547249794006348,12.761020881670534,False
wide,ScF3,0.9900378584861755,69.1415313225058,False
wide,Sm11Br24,0.9683096408843994,45.47563805104408,False
wide,Sm5Br11,0.9687624573707581,46.17169373549884,False
wide,Sm6Br13,0.9675616025924683,45.243619489559165,False
wide,SmBr3,0.9898607730865479,67.74941995359629,False
wide,SmCl2,0.9558828473091125,34.106728538283065,False
wide,SmF3,0.9877142310142517,58.93271461716937,False
wide,SmI2,0.956438422203064,35.266821345707655,False
wide,Sn3F8,0.9829716086387634,53.82830626450116,False
wide,SnBr2,0.9607083797454834,42.459396751740144,False
wide,SnBr4,0.9953188300132751,84.68677494199535,False
wide,SnCl2,0.9600004553794861,41.067285382830626,True
wide,SnCl4,0.9957247972488403,86.07888631090486,False
wide,SnF2,0.9604726433753967,41.9953596287703,False
wide,SnF3,0.9897258281707764,66.8213457076566,False
wide,SnF4,0.9946146011352539,83.06264501160094,False
wide,SnI2,0.9578803777694702,37.81902552204176,False
wide,SnI3,0.9914944767951965,72.62180974477958,False
wide,SnI4,0.99655681848526,88.16705336426914,False
wide,SrBr2,0.9542965292930603,32.25058004640371,False
wide,SrCl2,0.9519067406654358,29.00232018561485,False
wide,SrF2,0.9559287428855896,34.33874709976798,False
wide,SrF3,0.9878018498420715,59.39675174013921,False
wide,SrI2,0.9557384848594666,33.4106728538283,False
wide,Ta2Br5,0.9737296104431152,48.027842227378194,False
wide,Ta2Cl5,0.9759722948074341,48.72389791183295,False
wide,Ta3Br7,0.9669148921966553,45.011600928074245,False
wide,Ta3I7,0.9641079306602478,44.779582366589324,False
wide,TaBr5,0.9985172152519226,95.1276102088167,False
wide,TaCl3,0.9464288353919983,20.417633410672853,False
wide,TaCl4,0.9981954097747803,92.11136890951276,False
wide,TaCl5,0.9981313943862915,91.87935034802784,True
wide,TaF3,0.9898709654808044,68.21345707656613,False
wide,TaF5,0.9974215626716614,89.32714617169374,False
wide,TaI4,0.998227059841156,92.5754060324826,False
wide,TaI5,0.9986234307289124,96.51972157772622,False
wide,Tb4F15,0.994344174861908,81.90255220417633,False
wide,Tb5Br8,0.9173006415367126,17.633410672853827,False
wide,Tb6Br7,0.8182716369628906,13.921113689095128,False
wide,TbBr,0.7555322647094727,12.993039443155451,False
wide,TbCl3,0.9914266467094421,72.38979118329466,False
wide,TbCl,0.7521785497665405,11.600928074245939,False
wide,TbF3,0.9876562356948853,58.23665893271461,False
wide,TcBr4,0.9995838403701782,99.07192575406032,False
wide,TcCl3,0.9927281737327576,77.9582366589327,False
wide,TcCl4,0.9994156360626221,98.83990719257541,False
wide,Th2Br5,0.9770282506942749,49.187935034802784,False
wide,ThBr4,0.9950065016746521,83.9907192575406,False
wide,ThCl4,0.9950953722000122,84.45475638051045,False
wide,ThF4,0.9932274222373962,79.81438515081206,False
wide,ThI2,0.9470932483673096,21.11368909512761,False
wide,ThI3,0.991680920124054,73.78190255220419,False
wide,ThI4,0.9967502355575562,88.39907192575406,False
wide,Ti7Br16,0.9745216965675354,48.25986078886311,False
wide,Ti7Cl16,0.9746047854423523,48.49187935034803,False
wide,TiBr2,0.9497789144515991,23.665893271461716,False
wide,TiBr3,0.9920995235443115,75.63805104408353,False
wide,TiBr4,0.9948413968086243,83.52668213457076,False
wide,TiCl2,0.9520615339279175,29.466357308584683,False
wide,TiCl3,0.9929220080375671,78.42227378190255,False
wide,TiCl4,0.9945685863494873,82.36658932714617,False
wide,TiF2,0.9519067406654358,29.00232018561485,False
wide,TiF3,0.9898788928985596,68.44547563805105,False
wide,TiF4,0.9975118637084961,90.02320185614849,False
wide,TiI3,0.9869791269302368,56.380510440835266,False
wide,TiI4,0.9997208714485168,99.30394431554525,False
wide,Tl2Br3,0.9038313031196594,16.937354988399072,False
wide,Tl2Cl3,0.9058156609535217,17.16937354988399,False
wide,TlBr2,0.9629831314086914,43.619489559164734,False
wide,TlBr3,0.9785215258598328,51.04408352668214,False
wide,TlBr,0.7291014194488525,7.424593967517401,False
wide,TlCl2,0.9600213766098022,41.29930394431555,False
wide,TlCl3,0.9461830854415894,20.185614849187935,False
wide,TlCl,0.7300870418548584,7.888631090487238,False
wide,TlF3,0.9888622760772705,63.341067285382834,False
wide,TlF,0.7295216917991638,7.65661252900232,False
wide,TlI3,0.9824789762496948,52.90023201856149,False
wide,TlI,0.7284867763519287,7.192575406032482,False
wide,Tm7Cl15,0.9686235189437866,45.93967517401392,False
wide,TmCl2,0.9558431506156921,33.874709976798144,False
wide,TmCl3,0.9900906085968018,69.37354988399072,False
wide,TmI2,0.948713481426239,21.809744779582367,False
wide,U2F9,0.9931146502494812,79.11832946635731,False
wide,UBr3,0.9892180562019348,65.19721577726219,False
wide,UBr4,0.99784916639328,90.95127610208816,False
wide,UBr5,0.9982839226722717,92.80742459396751,False
wide,UCl3,0.9890408515930176,64.73317865429235,False
wide,UCl4,0.9955025911331177,85.38283062645012,False
wide,UCl5,0.9985185861587524,95.35962877030161,False
wide,UCl6,0.9959360361099243,87.00696055684455,False
wide,UF3,0.9875433444976807,58.0046403712297,False
wide,UF4,0.9936588406562805,80.74245939675174,False
wide,UF5,0.9972440600395203,88.8631090487239,False
wide,UF6,0.9944133758544922,82.13457076566125,False
wide,UI3,0.9897834062576294,67.28538283062645,False
wide,UI4,0.9987959265708923,97.21577726218096,False
wide,VBr2,0.9500772356987,24.825986078886313,False
wide,VCl2,0.9505568742752075,27.37819025522042,False
wide,VCl3,0.9918835759162903,74.24593967517401,False
wide,VCl4,0.9938393831253052,81.20649651972158,False
wide,VCl5,0.9977688193321228,90.25522041763341,False
wide,VF2,0.9574766159057617,37.12296983758701,False
wide,VF3,0.9915466904640198,72.8538283062645,False
wide,VF4,0.9989109039306641,97.6798143851508,False
wide,VF5,0.9965497255325317,87.93503480278422,False
wide,VI2,0.9503078460693359,25.986078886310903,False
wide,W15I47,0.9793587923049927,51.74013921113689,False
wide,W2Br5,0.9719222784042358,47.33178654292343,False
wide,W3Br7,0.953055202960968,30.39443155452436,False
wide,W3Br8,0.972262978553772,47.56380510440835,False
wide,W3I8,0.9792655110359192,51.508120649651964,False
wide,W5I16,0.9812758564949036,52.43619489559165,False
wide,WBr2,0.9430981874465942,19.25754060324826,False
wide,WBr4,0.9981003403663635,91.87935034802784,False
wide,WBr5,0.9985862374305725,96.05568445475639,False
wide,WBr6,0.995769739151001,86.3109048723898,False
wide,WCl3,0.9844160676002502,54.988399071925755,False
wide,WCl4,0.9978383183479309,90.48723897911833,False
wide,WCl5,0.9983032941818237,93.27146171693735,False
wide,WCl6,0.9954615831375122,84.91879350348029,False
wide,WF6,0.9956628084182739,85.84686774941996,False
wide,WI3,0.9892500042915344,65.4292343387471,False
wide,WI4,0.9923728108406067,77.03016241299304,False
wide,Y2Cl3,0.8957284092903137,16.241299303944317,False
wide,YCl3,0.9916238784790039,73.31786542923435,False
wide,YCl,0.7505579590797424,11.1368909512761,False
wide,YF3,0.9883165955543518,61.25290023201856,False
wide,YI3,0.9906259179115295,70.99767981438515,False
wide,YI,0.7601586580276489,13.45707656612529,False
wide,YbBr2,0.9568663239479065,35.498839907192576,False
wide,YbF3,0.9880942702293396,60.32482598607889,False
wide,YbI2,0.9491502046585083,22.505800464037122,False
wide,ZnBr2,0.9582602381706238,38.74709976798144,False
wide,ZnCl2,0.9597975015640259,40.60324825986079,True
wide,ZnF2,0.958251416683197,38.2830626450116,False
wide,ZnI2,0.9586372375488281,38.97911832946635,False
wide,Zr2Cl5,0.9804743528366089,52.204176334106734,False
wide,ZrBr2,0.9483640193939209,21.57772621809745,False
wide,ZrBr3,0.987361490726471,57.30858468677494,False
wide,ZrBr,0.7615561485290527,13.68909512761021,False
wide,ZrCl2,0.9510085582733154,28.074245939675173,False
wide,ZrCl3,0.9877854585647583,59.164733178654295,False
wide,ZrCl4,1.0000001192092896,100.0,True
wide,ZrCl,0.7592288255691528,13.225058004640372,False
wide,ZrF4,0.9945693016052246,82.5986078886311,False
wide,ZrI2,0.9522053003311157,29.698375870069604,False
wide,ZrI4,0.9998348355293274,99.53596287703016,False
radial_rich,AcBr3,0.9352291822433472,45.93967517401392,False
radial_rich,AcCl3,0.9354357719421387,47.33178654292343,False
radial_rich,Ag2F5,0.9579263925552368,83.75870069605568,False
radial_rich,Ag2F,0.42659345269203186,0.6960556844547563,False
radial_rich,Ag3F8,0.9589847326278687,84.45475638051045,False
radial_rich,AgBr,0.7374075651168823,6.496519721577726,False
radial_rich,AgCl,0.7441810965538025,7.888631090487238,False
radial_rich,AgF2,0.9371439218521118,53.82830626450116,False
radial_rich,AgF,0.7374074459075928,3.480278422273782,False
radial_rich,AgI,0.7807953357696533,12.761020881670534,False
radial_rich,AlBr3,0.9949756264686584,100.0,True
radial_rich,AlCl3,0.9469263553619385,70.76566125290023,True
radial_rich,AlF3,0.9521474838256836,77.7262180974478,False
radial_rich,AlI3,0.9921921491622925,100.0,False
radial_rich,Au3F8,0.9675068259239197,93.27146171693735,False
radial_rich,AuBr3,0.977270781993866,97.4477958236659,False
radial_rich,AuBr,0.7870925068855286,13.45707656612529,False
radial_rich,AuCl2,0.9637979865074158,89.0951276102088,False
radial_rich,AuCl3,0.9854718446731567,98.37587006960557,False
radial_rich,AuCl,0.7864580750465393,13.225058004640372,False
radial_rich,AuF5,0.9358393549919128,49.651972157772626,False
radial_rich,AuI,0.778496503829956,12.529002320185615,False
radial_rich,BaBr2,0.9184877276420593,25.754060324825982,False
radial_rich,BaCl2,0.9197981953620911,28.770301624129928,False
radial_rich,BaF2,0.9249610304832458,33.874709976798144,False
radial_rich,BaF3,0.953736424446106,79.35034802784223,False
radial_rich,BaI2,0.9193335771560669,28.074245939675173,False
radial_rich,BeBr2,0.970646858215332,95.1276102088167,False
radial_rich,BeCl2,0.9763514995574951,96.75174013921114,False
radial_rich,BeF2,0.9578852653503418,83.52668213457076,False
radial_rich,BeI2,0.9746479988098145,95.59164733178655,False
radial_rich,Bi4I,0.24101072549819946,0.46403712296983757,False
radial_rich,Bi6Br7,0.8084584474563599,14.617169373549885,False
radial_rich,Bi6Cl7,0.8057489395141602,14.385150812064964,False
radial_rich,Bi9I2,0.22807733714580536,0.23201856148491878,False
radial_rich,BiBr3,0.9506469964981079,75.4060324825986,False
radial_rich,BiBr,0.762961208820343,11.36890951276102,False
radial_rich,BiCl3,0.9435425996780396,67.98143851508121,False
radial_rich,BiF3,0.9443097114562988,68.44547563805105,False
radial_rich,BiF5,0.9269214272499084,35.498839907192576,False
radial_rich,BiI3,0.9311926960945129,39.443155452436194,False
radial_rich,BiI,0.767850935459137,11.600928074245939,False
radial_rich,CaBr2,0.9142819046974182,19.489559164733176,False
radial_rich,CaCl2,0.95559161901474,81.67053364269141,False
radial_rich,CaF2,0.9187148213386536,26.450116009280745,False
radial_rich,CaI2,0.9128460884094238,19.02552204176334,False
radial_rich,Cd13I28,0.9348095655441284,45.243619489559165,False
radial_rich,CdBr2,0.9151359796524048,20.185614849187935,False
radial_rich,CdCl2,0.9157935976982117,21.34570765661253,False
radial_rich,CdCl4,0.9358333945274353,49.419953596287705,False
radial_rich,CdF2,0.9176848530769348,23.897911832946637,False
radial_rich,CdI2,0.9342982769012451,43.851508120649655,False
radial_rich,Ce2Br5,0.9386105537414551,56.8445475638051,False
radial_rich,CeBr3,0.9362213611602783,51.508120649651964,False
radial_rich,CeCl3,0.9354510307312012,47.79582366589327,False
radial_rich,CeF3,0.9483555555343628,72.8538283062645,False
radial_rich,CeF4,0.9383038282394409,55.22041763341067,False
radial_rich,CoBr2,0.9201955199241638,29.930394431554525,False
radial_rich,CoBr,0.7538931369781494,10.904872389791183,False
radial_rich,CoCl2,0.9201251864433289,29.466357308584683,False
radial_rich,CoF2,0.9202708601951599,30.162412993039446,False
radial_rich,CoF3,0.9406278133392334,62.18097447795824,False
radial_rich,CoI2,0.9198091626167297,29.00232018561485,False
radial_rich,Cr2F5,0.9496477842330933,74.0139211136891,False
radial_rich,CrBr2,0.9426046013832092,66.5893271461717,False
radial_rich,CrBr3,0.9419074058532715,64.73317865429235,False
radial_rich,CrCl2,0.943183958530426,67.74941995359629,False
radial_rich,CrCl3,0.9763595461845398,96.98375870069606,False
radial_rich,CrF2,0.938599705696106,56.380510440835266,False
radial_rich,CrF3,0.9368054866790771,53.1322505800464,False
radial_rich,CrF4,0.9765154719352722,97.21577726218096,False
radial_rich,CrF5,0.966123104095459,92.11136890951276,False
radial_rich,CrI2,0.9509775638580322,76.10208816705337,False
radial_rich,CsBr3,0.9626079201698303,87.70301624129931,False
radial_rich,CsBr,0.7374075651168823,6.496519721577726,False
radial_rich,CsCl,0.7374074459075928,3.480278422273782,False
radial_rich,CsF,0.7374075651168823,6.496519721577726,False
radial_rich,CsI3,0.9631788730621338,88.39907192575406,False
radial_rich,CsI4,0.966079592704773,91.87935034802784,False
radial_rich,CsI,0.749253511428833,9.51276102088167,False
radial_rich,CuBr2,0.9672282934188843,92.80742459396751,False
radial_rich,CuBr,0.7757765054702759,12.064965197215777,False
radial_rich,CuCl2,0.951600968837738,76.79814385150812,False
radial_rich,CuCl,0.7764059901237488,12.296983758700696,False
radial_rich,CuF2,0.9343171119689941,44.08352668213457,False
radial_rich,CuF,0.774374783039093,11.832946635730858,False
radial_rich,CuI,0.7926157712936401,13.68909512761021,False
radial_rich,Dy5Cl11,0.9312364459037781,39.675174013921115,False
radial_rich,DyBr2,0.9148938655853271,19.953596287703014,False
radial_rich,DyCl3,0.9341526627540588,43.38747099767982,False
radial_rich,Er4I5,0.8131695985794067,14.849187935034802,False
radial_rich,Er6I7,0.7978813648223877,14.153132250580047,False
radial_rich,ErF3,0.9352388381958008,46.17169373549884,False
radial_rich,EuBr2,0.9166827201843262,22.2737819025522,False
radial_rich,EuCl2,0.9187878370285034,26.91415313225058,False
radial_rich,EuCl3,0.9360545873641968,50.81206496519721,False
radial_rich,EuF2,0.9176848530769348,23.897911832946637,False
radial_rich,EuF3,0.9383701086044312,55.4524361948956,False
radial_rich,EuI2,0.9215118885040283,31.09048723897912,False
radial_rich,FeBr2,0.9203760027885437,30.39443155452436,False
radial_rich,FeBr3,0.9406665563583374,62.41299303944315,False
radial_rich,FeCl2,0.9198136329650879,29.23433874709977,False
radial_rich,FeCl3,0.9540627002716064,79.35034802784223,True
radial_rich,FeF2,0.926611065864563,35.03480278422274,False
radial_rich,FeF3,0.9390510320663452,58.46867749419954,False
radial_rich,FeI2,0.9193301200866699,27.842227378190255,False
radial_rich,Ga2I3,0.9187461137771606,26.68213457076566,False
radial_rich,Ga3Cl7,0.9869629740715027,98.60788863109049,False
radial_rich,GaBr2,0.970195472240448,94.43155452436194,False
radial_rich,GaBr3,0.9919657111167908,99.76798143851508,False
radial_rich,GaCl2,0.9729869365692139,95.35962877030161,False
radial_rich,GaCl3,1.0000001192092896,100.0,True
radial_rich,GaF3,0.9380856156349182,54.524361948955914,True
radial_rich,GaI2,0.9643462896347046,90.02320185614849,False
radial_rich,GaI3,0.9901858568191528,99.53596287703016,False
radial_rich,Gd2Br3,0.8794149160385132,15.777262180974477,False
radial_rich,Gd2Cl3,0.8793640732765198,15.54524361948956,False
radial_rich,GdBr3,0.9386049509048462,56.61252900232019,False
radial_rich,GdBr,0.7427133321762085,6.960556844547564,False
radial_rich,GdCl3,0.936307966709137,51.972157772621806,False
radial_rich,HfCl4,0.9654275178909302,91.64733178654292,False
radial_rich,HfF4,0.9387062788009644,57.30858468677494,False
radial_rich,HfI3,0.9392968416213989,59.39675174013921,False
radial_rich,HfI4,0.976240336894989,96.51972157772622,False
radial_rich,HgBr2,0.9647284746170044,90.71925754060325,False
radial_rich,HgBr,0.7445263862609863,8.120649651972158,False
radial_rich,HgCl2,0.9644714593887329,90.25522041763341,False
radial_rich,HgCl,0.7522844076156616,10.672853828306264,False
radial_rich,HgF2,0.9176849126815796,24.129930394431554,False
radial_rich,HgF,0.7435364723205566,7.424593967517401,False
radial_rich,HgI2,0.9675067663192749,93.03944315545245,False
radial_rich,HgI,0.7484737634658813,9.280742459396752,False
radial_rich,HoF3,0.9354086518287659,47.09976798143852,False
radial_rich,In2Cl3,0.8919792175292969,17.16937354988399,False
radial_rich,In4Br7,0.9271132946014404,35.730858468677496,False
radial_rich,In5Br7,0.8806695938110352,16.241299303944317,False
radial_rich,In5Cl9,0.9233449697494507,32.71461716937355,False
radial_rich,In7Br9,0.8333041667938232,15.31322505800464,False
radial_rich,In7Cl9,0.8330193758010864,15.081206496519723,False
radial_rich,InBr2,0.9623713493347168,87.23897911832947,False
radial_rich,InBr3,0.9383576512336731,55.22041763341067,True
radial_rich,InBr,0.7461155652999878,8.584686774941995,False
radial_rich,InCl,0.7513927221298218,10.440835266821345,False
radial_rich,InF3,0.9331722259521484,41.53132250580047,False
radial_rich,InI2,0.959607720375061,84.91879350348029,False
radial_rich,InI3,0.9781458973884583,97.6798143851508,True
radial_rich,InI,0.7450615167617798,8.352668213457076,False
radial_rich,IrBr3,0.9423360824584961,66.12529002320186,False
radial_rich,IrCl3,0.9424883127212524,66.35730858468676,False
radial_rich,IrF3,0.9279918670654297,36.65893271461717,False
radial_rich,IrF4,0.9399123191833496,61.02088167053365,False
radial_rich,IrF6,0.9346565008163452,44.779582366589324,False
radial_rich,KBr,0.7374074459075928,3.480278422273782,False
radial_rich,KCl,0.7374075651168823,6.496519721577726,False
radial_rich,KF3,0.9681099057197571,93.50348027842227,False
radial_rich,KF5,0.9471184015274048,70.99767981438515,False
radial_rich,KF,0.7374075055122375,5.336426914153132,False
radial_rich,KI,0.7374075055122375,5.336426914153132,False
radial_rich,La2Br5,0.9383940100669861,55.68445475638051,False
radial_rich,La2I5,0.9405107498168945,61.7169373549884,False
radial_rich,LaBr2,0.9218681454658508,31.554524361948953,False
radial_rich,LaBr3,0.9357762336730957,48.95591647331787,False
radial_rich,LaBr,0.7358400225639343,2.088167053364269,False
radial_rich,LaCl3,0.9353710412979126,46.8677494199536,False
radial_rich,LaCl,0.7293697595596313,1.160092807424594,False
radial_rich,LaF3,0.9404737949371338,61.48491879350348,False
radial_rich,LaI2,0.9113845825195312,18.097447795823665,False
radial_rich,LaI3,0.9332161545753479,41.76334106728538,False
radial_rich,LaI,0.7340642213821411,1.6241299303944314,False
radial_rich,LiBr,0.7374075055122375,5.336426914153132,False
radial_rich,LiCl,0.737407386302948,2.5522041763341066,False
radial_rich,LiF,0.7374075651168823,6.496519721577726,False
radial_rich,LiI,0.7812007665634155,12.993039443155451,False
radial_rich,MgBr2,0.916217029094696,21.57772621809745,False
radial_rich,MgCl2,0.9190939664840698,27.610208816705335,False
radial_rich,MgF2,0.916815459728241,22.505800464037122,False
radial_rich,MgI2,0.9165672063827515,22.041763341067284,False
radial_rich,MnBr2,0.9190754890441895,27.37819025522042,False
radial_rich,MnCl2,0.9183014631271362,25.52204176334107,False
radial_rich,MnF2,0.9186290502548218,26.218097447795824,False
radial_rich,MnF3,0.9567860960960388,82.36658932714617,False
radial_rich,MnF4,0.9662368297576904,92.34338747099768,False
radial_rich,MnI2,0.9177075624465942,24.361948955916475,False
radial_rich,MoBr2,0.9370163679122925,53.596287703016245,False
radial_rich,MoCl2,0.9397323131561279,60.556844547563806,False
radial_rich,MoCl3,0.9481267929077148,72.38979118329466,False
radial_rich,MoCl4,0.9641069173812866,89.55916473317865,False
radial_rich,MoCl5,0.9531461000442505,78.88631090487239,False
radial_rich,MoF3,0.9389991760253906,58.0046403712297,False
radial_rich,MoF5,0.9525251388549805,78.42227378190255,False
radial_rich,MoF6,0.958787202835083,83.9907192575406,False
radial_rich,MoI2,0.9355596303939819,48.25986078886311,False
radial_rich,NaBr,0.7374075055122375,5.336426914153132,False
radial_rich,NaCl3,0.941312849521637,63.80510440835266,False
radial_rich,NaCl,0.7374075055122375,5.336426914153132,False
radial_rich,NaF,0.7374075055122375,5.336426914153132,False
radial_rich,NaI,0.7629517316818237,11.1368909512761,False
radial_rich,Nb2F5,0.9276261329650879,36.19489559164733,False
radial_rich,Nb3Br8,0.9423354864120483,65.89327146171694,False
radial_rich,Nb3Cl7,0.9345302581787109,44.5475638051044,False
radial_rich,Nb3Cl8,0.94105064868927,62.87703016241299,False
radial_rich,Nb3I8,0.9415506720542908,64.2691415313225,False
radial_rich,Nb6I11,0.9282499551773071,37.12296983758701,False
radial_rich,NbBr4,0.9507015943527222,75.63805104408353,False
radial_rich,NbBr5,0.950486421585083,75.1740139211137,False
radial_rich,NbCl4,0.9549070000648499,80.51044083526682,False
radial_rich,NbCl5,0.9549566507339478,80.74245939675174,False
radial_rich,NbF3,0.9389989376068115,57.772621809744784,False
radial_rich,NbF4,0.9510520696640015,76.33410672853829,False
radial_rich,NbF5,0.9464173913002014,70.53364269141531,False
radial_rich,NbI3,0.9412492513656616,63.57308584686775,False
radial_rich,NbI4,0.9450209140777588,69.83758700696056,False
radial_rich,NbI5,0.9447556138038635,69.37354988399072,False
radial_rich,Nd4Br9,0.9276860952377319,36.42691415313225,False
radial_rich,NdBr3,0.93339604139328,41.9953596287703,False
radial_rich,NdCl2,0.9180803298950195,25.05800464037123,False
radial_rich,NdCl3,0.9356139898300171,48.72389791183295,False
radial_rich,NdF3,0.948360800743103,73.08584686774941,False
radial_rich,NdI2,0.911583423614502,18.329466357308586,False
radial_rich,NiBr2,0.9233807325363159,32.94663573085847,False
radial_rich,NiCl2,0.9212292432785034,30.8584686774942,False
radial_rich,NiF2,0.9170891046524048,22.73781902552204,False
radial_rich,NiF3,0.9428931474685669,67.28538283062645,False
radial_rich,NiI2,0.9226422309875488,32.48259860788863,False
radial_rich,NpBr3,0.9362589716911316,51.74013921113689,False
radial_rich,NpCl3,0.9353430867195129,46.403712296983755,False
radial_rich,NpF3,0.9405748248100281,61.94895591647332,False
radial_rich,NpF4,0.938241183757782,54.75638051044084,False
radial_rich,NpI3,0.933445155620575,42.22737819025522,False
radial_rich,OsBr4,0.9542442560195923,79.58236658932715,False
radial_rich,OsCl4,0.9555859565734863,81.4385150812065,False
radial_rich,OsF5,0.9422874450683594,65.4292343387471,False
radial_rich,OsF6,0.935221791267395,45.707656612529,False
radial_rich,PaBr4,0.9304102063179016,38.74709976798144,False
radial_rich,PaBr5,0.9384355545043945,55.91647331786543,False
radial_rich,PaCl4,0.9305481314659119,38.97911832946635,False
radial_rich,PaCl5,0.9472324848175049,71.6937354988399,False
radial_rich,PbBr2,0.9263080358505249,34.33874709976798,False
radial_rich,PbCl2,0.9239676594734192,33.4106728538283,False
radial_rich,PbCl4,0.9614584445953369,86.77494199535964,False
radial_rich,PbF2,0.9220284223556519,32.01856148491879,False
radial_rich,PbF4,0.9361339211463928,51.27610208816705,False
radial_rich,PbI2,0.9126434326171875,18.561484918793504,False
radial_rich,PdBr2,0.9595659971237183,84.68677494199535,False
radial_rich,PdCl2,0.9639407992362976,89.32714617169374,False
radial_rich,PdF2,0.9184963703155518,25.986078886310903,False
radial_rich,PdF3,0.9554495811462402,81.20649651972158,False
radial_rich,PdF4,0.9410838484764099,63.10904872389791,False
radial_rich,PdI2,0.949912965297699,74.47795823665894,False
radial_rich,Pr2Br5,0.9385035037994385,56.148491879350345,False
radial_rich,Pr2I5,0.9418151378631592,64.50116009280742,False
radial_rich,PrBr3,0.9359325170516968,50.580046403712295,False
radial_rich,PrCl3,0.9354844689369202,48.027842227378194,False
radial_rich,PrF3,0.9360872507095337,51.04408352668214,False
radial_rich,PrI2,0.9127973914146423,18.793503480278424,False
radial_rich,Pt3I8,0.960361123085022,86.07888631090486,False
radial_rich,PtBr3,0.9523372650146484,78.19025522041764,False
radial_rich,PtCl2,0.9522842764854431,77.9582366589327,False
radial_rich,PtCl3,0.9543989896774292,79.81438515081206,False
radial_rich,PtCl4,0.9900693297386169,99.30394431554525,False
radial_rich,PtF4,0.936995804309845,53.36426914153132,False
radial_rich,PtF5,0.934409499168396,44.31554524361949,False
radial_rich,PtF6,0.9267263412475586,35.266821345707655,False
radial_rich,PtI2,0.9528239965438843,78.65429234338747,False
radial_rich,PtI3,0.9517661333084106,77.26218097447796,False
radial_rich,PtI4,0.9453133344650269,70.06960556844548,False
radial_rich,PuBr3,0.9336611032485962,42.92343387470998,False
radial_rich,PuCl3,0.9353649616241455,46.635730858468676,False
radial_rich,PuF3,0.940699577331543,62.64501160092807,False
radial_rich,PuI3,0.9334765672683716,42.459396751740144,False
radial_rich,RbBr,0.7374074459075928,3.480278422273782,False
radial_rich,RbCl,0.7374075055122375,5.336426914153132,False
radial_rich,RbF,0.737031102180481,2.320185614849188,False
radial_rich,RbI3,0.9622279405593872,87.00696055684455,False
radial_rich,RbI,0.7374075055122375,5.336426914153132,False
radial_rich,ReCl3,0.9684706330299377,93.7354988399072,False
radial_rich,ReCl4,0.9705714583396912,94.89559164733178,False
radial_rich,ReCl5,0.9633263945579529,88.63109048723898,False
radial_rich,ReCl6,0.9321897029876709,40.37122969837587,False
radial_rich,ReF7,0.9340306520462036,43.1554524361949,False
radial_rich,ReI3,0.9757236838340759,96.2877030162413,False
radial_rich,RhBr3,0.9422990083694458,65.66125290023201,False
radial_rich,RhCl3,0.9427841901779175,66.8213457076566,False
radial_rich,RhF3,0.9487426280975342,73.31786542923435,False
radial_rich,RhF5,0.9440649151802063,68.21345707656613,False
radial_rich,RuBr3,0.9431048631668091,67.51740139211137,False
radial_rich,RuCl3,0.9497754573822021,74.24593967517401,False
radial_rich,RuF3,0.9326800107955933,40.60324825986079,False
radial_rich,RuF4,0.9471752047538757,71.22969837587007,False
radial_rich,RuF5,0.9454630613327026,70.30162412993039,False
radial_rich,Sc5Cl8,0.9059150815010071,17.865429234338748,False
radial_rich,Sc7Cl10,0.8866952061653137,16.473317865429234,False
radial_rich,Sc7Cl12,0.8970017433166504,17.633410672853827,False
radial_rich,ScCl3,0.9402226209640503,61.25290023201856,False
radial_rich,ScCl,0.7234366536140442,0.9280742459396751,False
radial_rich,ScF3,0.9397674798965454,60.78886310904872,False
radial_rich,Sm11Br24,0.9282151460647583,36.89095127610209,False
radial_rich,Sm5Br11,0.9263360500335693,34.5707656612529,False
radial_rich,Sm6Br13,0.9263370633125305,34.80278422273782,False
radial_rich,SmBr3,0.933552622795105,42.69141531322506,False
radial_rich,SmCl2,0.9197520017623901,28.538283062645007,False
radial_rich,SmF3,0.9364855289459229,52.66821345707656,False
radial_rich,SmI2,0.9135744571685791,19.25754060324826,False
radial_rich,Sn3F8,0.9509173035621643,75.87006960556845,False
radial_rich,SnBr2,0.9330234527587891,40.835266821345705,False
radial_rich,SnBr4,0.9756847023963928,96.05568445475639,False
radial_rich,SnCl2,0.9312807321548462,39.675174013921115,True
radial_rich,SnCl4,0.9780926704406738,97.6798143851508,False
radial_rich,SnF2,0.9354474544525146,47.56380510440835,False
radial_rich,SnF3,0.9504532814025879,74.94199535962876,False
radial_rich,SnF4,0.9367539882659912,52.90023201856149,False
radial_rich,SnI2,0.9217929840087891,31.322505800464036,False
radial_rich,SnI3,0.957221508026123,82.830626450116,False
radial_rich,SnI4,0.9754958748817444,95.82366589327145,False
radial_rich,SrBr2,0.9237520098686218,33.17865429234338,False
radial_rich,SrCl2,0.9176848530769348,23.897911832946637,False
radial_rich,SrF2,0.929534912109375,37.35498839907193,False
radial_rich,SrF3,0.9472538828849792,71.92575406032483,False
radial_rich,SrI2,0.9223505258560181,32.25058004640371,False
radial_rich,Ta2Br5,0.9516119956970215,77.03016241299304,False
radial_rich,Ta2Cl5,0.9544190168380737,80.04640371229699,False
radial_rich,Ta3Br7,0.9391756653785706,59.164733178654295,False
radial_rich,Ta3I7,0.9393091201782227,59.62877030162414,False
radial_rich,TaBr5,0.9503995180130005,74.70997679814386,False
radial_rich,TaCl3,0.9153127670288086,20.649651972157773,False
radial_rich,TaCl4,0.955429196357727,80.97447795823666,False
radial_rich,TaCl5,0.9550588130950928,80.74245939675174,True
radial_rich,TaF3,0.9389989376068115,57.772621809744784,False
radial_rich,TaF5,0.9472178816795349,71.46171693735499,False
radial_rich,TaI4,0.9599435329437256,85.61484918793504,False
radial_rich,TaI5,0.944667398929596,69.1415313225058,False
radial_rich,Tb4F15,0.9390928745269775,58.70069605568445,False
radial_rich,Tb5Br8,0.8915798664093018,16.937354988399072,False
radial_rich,Tb6Br7,0.7956550121307373,13.921113689095128,False
radial_rich,TbBr,0.740203320980072,6.728538283062645,False
radial_rich,TbCl3,0.9364384412765503,52.43619489559165,False
radial_rich,TbCl,0.7351157069206238,1.8561484918793503,False
radial_rich,TbF3,0.9357937574386597,49.187935034802784,False
radial_rich,TcBr4,0.9571444988250732,82.5986078886311,False
radial_rich,TcCl3,0.968632698059082,93.96751740139212,False
radial_rich,TcCl4,0.9628472328186035,88.16705336426914,False
radial_rich,Th2Br5,0.9271417260169983,35.96287703016242,False
radial_rich,ThBr4,0.9299029111862183,37.81902552204176,False
radial_rich,ThCl4,0.9299639463424683,38.05104408352668,False
radial_rich,ThF4,0.938255786895752,54.988399071925755,False
radial_rich,ThI2,0.9176060557365417,22.96983758700696,False
radial_rich,ThI3,0.9428221583366394,67.05336426914154,False
radial_rich,ThI4,0.9377859830856323,54.292343387471,False
radial_rich,Ti7Br16,0.9396945238113403,60.32482598607889,False
radial_rich,Ti7Cl16,0.9411468505859375,63.341067285382834,False
radial_rich,TiBr2,0.9157539010047913,21.11368909512761,False
radial_rich,TiBr3,0.946587324142456,70.76566125290023,False
radial_rich,TiBr4,0.9854552745819092,98.14385150812065,False
radial_rich,TiCl2,0.9244876503944397,33.64269141531322,False
radial_rich,TiCl3,0.9491857886314392,73.54988399071925,False
radial_rich,TiCl4,0.9873343110084534,98.83990719257541,False
radial_rich,TiF2,0.91768479347229,23.201856148491878,False
radial_rich,TiF3,0.9390373826026917,58.23665893271461,False
radial_rich,TiF4,0.9794589281082153,97.91183294663574,False
radial_rich,TiI3,0.9495275616645813,73.78190255220419,False
radial_rich,TiI4,0.962617039680481,87.93503480278422,False
radial_rich,Tl2Br3,0.890089750289917,16.70533642691415,False
radial_rich,Tl2Cl3,0.8923134803771973,17.40139211136891,False
radial_rich,TlBr2,0.9573864936828613,83.06264501160094,False
radial_rich,TlBr3,0.9642219543457031,89.79118329466357,False
radial_rich,TlBr,0.7511310577392578,10.208816705336426,False
radial_rich,TlCl2,0.952008843421936,77.49419953596288,False
radial_rich,TlCl3,0.9556076526641846,81.90255220417633,False
radial_rich,TlCl,0.7507100105285645,9.744779582366588,False
radial_rich,TlF3,0.9330446124076843,41.29930394431555,False
radial_rich,TlF,0.7438761591911316,7.65661252900232,False
radial_rich,TlI3,0.9596582651138306,85.1508120649652,False
radial_rich,TlI,0.7507843971252441,9.976798143851507,False
radial_rich,Tm7Cl15,0.9297765493392944,37.58700696055685,False
radial_rich,TmCl2,0.9144020080566406,19.721577726218097,False
radial_rich,TmCl3,0.93033367395401,38.51508120649652,False
radial_rich,TmI2,0.9155972003936768,20.88167053364269,False
radial_rich,U2F9,0.9301825165748596,38.2830626450116,False
radial_rich,UBr3,0.9363911747932434,52.204176334106734,False
radial_rich,UBr4,0.934726357460022,45.011600928074245,False
radial_rich,UBr5,0.9391312003135681,58.93271461716937,False
radial_rich,UCl3,0.9358822703361511,50.11600928074246,False
radial_rich,UCl4,0.931014895439148,39.21113689095127,False
radial_rich,UCl5,0.9446097612380981,68.90951276102089,False
radial_rich,UCl6,0.9317916631698608,39.90719257540603,False
radial_rich,UF3,0.9372814893722534,54.060324825986086,False
radial_rich,UF4,0.9396237134933472,60.092807424593964,False
radial_rich,UF5,0.9513362646102905,76.5661252900232,False
radial_rich,UF6,0.9205836057662964,30.62645011600928,False
radial_rich,UI3,0.9330334663391113,41.067285382830626,False
radial_rich,UI4,0.9444599151611328,68.67749419953596,False
radial_rich,VBr2,0.9177321791648865,24.593967517401392,False
radial_rich,VCl2,0.9197337627410889,28.306264501160094,False
radial_rich,VCl3,0.9414145350456238,64.03712296983758,False
radial_rich,VCl4,0.989435076713562,99.07192575406032,False
radial_rich,VCl5,0.9597828388214111,85.38283062645012,False
radial_rich,VF2,0.9181385040283203,25.290023201856147,False
radial_rich,VF3,0.9419185519218445,64.96519721577727,False
radial_rich,VF4,0.965407133102417,91.415313225058,False
radial_rich,VF5,0.970458447933197,94.66357308584686,False
radial_rich,VI2,0.9201721549034119,29.698375870069604,False
radial_rich,W15I47,0.9604408144950867,86.3109048723898,False
radial_rich,W2Br5,0.964492678642273,90.48723897911833,False
radial_rich,W3Br7,0.9651986360549927,90.95127610208816,False
radial_rich,W3Br8,0.9577459096908569,83.29466357308584,False
radial_rich,W3I8,0.9624848961830139,87.47099767981439,False
radial_rich,W5I16,0.9600261449813843,85.84686774941996,False
radial_rich,WBr2,0.9358801245689392,49.88399071925754,False
radial_rich,WBr4,0.9473567008972168,72.15777262180974,False
radial_rich,WBr5,0.9589000344276428,84.22273781902551,False
radial_rich,WBr6,0.931871771812439,40.13921113689095,False
radial_rich,WCl3,0.944894015789032,69.60556844547564,False
radial_rich,WCl4,0.9533182382583618,79.11832946635731,False
radial_rich,WCl5,0.9545210003852844,80.2784222737819,False
radial_rich,WCl6,0.9395039677619934,59.86078886310905,False
radial_rich,WF6,0.9380825757980347,54.524361948955914,False
radial_rich,WI3,0.9612292051315308,86.5429234338747,False
radial_rich,WI4,0.9637963771820068,88.8631090487239,False
radial_rich,Y2Cl3,0.880202054977417,16.009280742459396,False
radial_rich,YCl3,0.9422299861907959,65.19721577726219,False
radial_rich,YCl,0.7334787845611572,1.3921113689095126,False
radial_rich,YF3,0.9355669021606445,48.49187935034803,False
radial_rich,YI3,0.9341972470283508,43.619489559164734,False
radial_rich,YI,0.7477006912231445,9.048723897911833,False
radial_rich,YbBr2,0.9151890873908997,20.417633410672853,False
radial_rich,YbF3,0.9348964691162109,45.47563805104408,False
radial_rich,YbI2,0.9163103699684143,21.809744779582367,False
radial_rich,ZnBr2,0.9652195572853088,91.1832946635731,False
radial_rich,ZnCl2,0.9628077149391174,87.93503480278422,True
radial_rich,ZnF2,0.9179515838623047,24.825986078886313,False
radial_rich,ZnI2,0.966334342956543,92.5754060324826,False
radial_rich,Zr2Cl5,0.955919623374939,82.13457076566125,False
radial_rich,ZrBr2,0.9190471172332764,27.1461716937355,False
radial_rich,ZrBr3,0.9359033107757568,50.34802784222738,False
radial_rich,ZrBr,0.7474294900894165,8.816705336426914,False
radial_rich,ZrCl2,0.9219418168067932,31.786542923433874,False
radial_rich,ZrCl3,0.9483287930488586,72.62180974477958,False
radial_rich,ZrCl4,0.9626489281654358,87.93503480278422,True
radial_rich,ZrCl,0.7430316209793091,7.192575406032482,False
radial_rich,ZrF4,0.9386236667633057,57.076566125290014,False
radial_rich,ZrI2,0.925948977470398,34.106728538283065,False
radial_rich,ZrI4,0.9699994325637817,94.19953596287704,False
angular_rich,AcBr3,0.9060207009315491,27.842227378190255,False
angular_rich,AcCl3,0.9067865014076233,30.8584686774942,False
angular_rich,Ag2F5,0.9495396614074707,84.68677494199535,False
angular_rich,Ag2F,0.4480460584163666,0.6960556844547563,False
angular_rich,Ag3F8,0.9481371641159058,83.75870069605568,False
angular_rich,AgBr,0.7522794008255005,4.640371229698376,False
angular_rich,AgCl,0.756275475025177,7.65661252900232,False
angular_rich,AgF2,0.9313581585884094,68.67749419953596,False
angular_rich,AgF,0.7522794008255005,4.640371229698376,False
angular_rich,AgI,0.7823355197906494,11.36890951276102,False
angular_rich,AlBr3,0.9965660572052002,100.0,True
angular_rich,AlCl3,0.9343724250793457,72.38979118329466,True
angular_rich,AlF3,0.9452858567237854,81.67053364269141,False
angular_rich,AlI3,0.9845963716506958,99.76798143851508,False
angular_rich,Au3F8,0.9551830887794495,88.39907192575406,False
angular_rich,AuBr3,0.966662585735321,94.66357308584686,False
angular_rich,AuBr,0.7978366613388062,12.993039443155451,False
angular_rich,AuCl2,0.966717541217804,94.89559164733178,False
angular_rich,AuCl3,0.9711616635322571,95.82366589327145,False
angular_rich,AuCl,0.7993296384811401,13.45707656612529,False
angular_rich,AuF5,0.9132688641548157,46.8677494199536,False
angular_rich,AuI,0.7829705476760864,11.832946635730858,False
angular_rich,BaBr2,0.902916431427002,19.953596287703014,False
angular_rich,BaCl2,0.9041913151741028,22.96983758700696,False
angular_rich,BaF2,0.9113635420799255,42.92343387470998,False
angular_rich,BaF3,0.9314708709716797,68.90951276102089,False
angular_rich,BaI2,0.904140055179596,22.505800464037122,False
angular_rich,BeBr2,0.9756280183792114,96.98375870069606,False
angular_rich,BeCl2,0.9791474938392639,98.14385150812065,False
angular_rich,BeF2,0.9703525900840759,95.59164733178655,False
angular_rich,BeI2,0.976305365562439,97.21577726218096,False
angular_rich,Bi4I,0.29715192317962646,0.46403712296983757,False
angular_rich,Bi6Br7,0.8153594136238098,14.385150812064964,False
angular_rich,Bi6Cl7,0.819324254989624,14.617169373549885,False
angular_rich,Bi9I2,0.29507341980934143,0.23201856148491878,False
angular_rich,BiBr3,0.9337985515594482,71.6937354988399,False
angular_rich,BiBr,0.7717939019203186,10.440835266821345,False
angular_rich,BiCl3,0.9240437746047974,59.164733178654295,False
angular_rich,BiF3,0.9175517559051514,53.596287703016245,False
angular_rich,BiF5,0.8983964323997498,18.097447795823665,False
angular_rich,BiI3,0.910114586353302,40.60324825986079,False
angular_rich,BiI,0.7690016031265259,9.976798143851507,False
angular_rich,CaBr2,0.9058921337127686,27.37819025522042,False
angular_rich,CaCl2,0.9580836296081543,91.1832946635731,False
angular_rich,CaF2,0.9034106135368347,22.041763341067284,False
angular_rich,CaI2,0.904416024684906,23.4338747099768,False
angular_rich,Cd13I28,0.9089998006820679,38.74709976798144,False
angular_rich,CdBr2,0.9055377840995789,26.450116009280745,False
angular_rich,CdCl2,0.9074174761772156,33.874709976798144,False
angular_rich,CdCl4,0.92238849401474,56.8445475638051,False
angular_rich,CdF2,0.9034105539321899,21.57772621809745,False
angular_rich,CdI2,0.9180394411087036,54.292343387471,False
angular_rich,Ce2Br5,0.9172807931900024,53.1322505800464,False
angular_rich,CeBr3,0.9075542092323303,34.33874709976798,False
angular_rich,CeCl3,0.9065510630607605,29.466357308584683,False
angular_rich,CeF3,0.9225754141807556,57.772621809744784,False
angular_rich,CeF4,0.9087448120117188,37.12296983758701,False
angular_rich,CoBr2,0.9135906100273132,48.027842227378194,False
angular_rich,CoBr,0.7762789726257324,10.672853828306264,False
angular_rich,CoCl2,0.9127065539360046,45.707656612529,False
angular_rich,CoF2,0.912492573261261,45.243619489559165,False
angular_rich,CoF3,0.9246436357498169,60.092807424593964,False
angular_rich,CoI2,0.9132079482078552,46.403712296983755,False
angular_rich,Cr2F5,0.9422112703323364,78.88631090487239,False
angular_rich,CrBr2,0.939037561416626,76.5661252900232,False
angular_rich,CrBr3,0.9254940152168274,61.25290023201856,False
angular_rich,CrCl2,0.9421232342720032,78.65429234338747,False
angular_rich,CrCl3,0.9735711812973022,96.2877030162413,False
angular_rich,CrF2,0.9332144856452942,70.99767981438515,False
angular_rich,CrF3,0.9193845987319946,54.75638051044084,False
angular_rich,CrF4,0.9729353785514832,96.05568445475639,False
angular_rich,CrF5,0.9530203342437744,86.3109048723898,False
angular_rich,CrI2,0.9476959109306335,83.52668213457076,False
angular_rich,CsBr3,0.9446160197257996,80.74245939675174,False
angular_rich,CsBr,0.7522794604301453,6.960556844547564,False
angular_rich,CsCl,0.7522794008255005,4.640371229698376,False
angular_rich,CsF,0.7522794604301453,6.960556844547564,False
angular_rich,CsI3,0.9510069489479065,85.38283062645012,False
angular_rich,CsI4,0.9401775002479553,77.03016241299304,False
angular_rich,CsI,0.7646909356117249,9.048723897911833,False
angular_rich,CuBr2,0.9637349247932434,93.03944315545245,False
angular_rich,CuBr,0.7933743596076965,12.296983758700696,False
angular_rich,CuCl2,0.9485030770301819,83.9907192575406,False
angular_rich,CuCl,0.7830492854118347,12.064965197215777,False
angular_rich,CuF2,0.9286084771156311,63.80510440835266,False
angular_rich,CuF,0.7821441888809204,11.1368909512761,False
angular_rich,CuI,0.7990928888320923,13.225058004640372,False
angular_rich,Dy5Cl11,0.9208282232284546,56.148491879350345,False
angular_rich,DyBr2,0.9088590145111084,38.51508120649652,False
angular_rich,DyCl3,0.9082595109939575,36.42691415313225,False
angular_rich,Er4I5,0.8197225332260132,14.849187935034802,False
angular_rich,Er6I7,0.8122508525848389,14.153132250580047,False
angular_rich,ErF3,0.9052907228469849,24.593967517401392,False
angular_rich,EuBr2,0.9037311673164368,22.2737819025522,False
angular_rich,EuCl2,0.9031472206115723,20.185614849187935,False
angular_rich,EuCl3,0.9074509739875793,34.106728538283065,False
angular_rich,EuF2,0.9034105539321899,21.57772621809745,False
angular_rich,EuF3,0.9097095131874084,40.13921113689095,False
angular_rich,EuI2,0.9069074988365173,31.786542923433874,False
angular_rich,FeBr2,0.9134030938148499,47.56380510440835,False
angular_rich,FeBr3,0.9240955114364624,59.39675174013921,False
angular_rich,FeCl2,0.9127578139305115,45.93967517401392,False
angular_rich,FeCl3,0.9391902685165405,76.79814385150812,True
angular_rich,FeF2,0.920407235622406,55.68445475638051,False
angular_rich,FeF3,0.9225592017173767,57.540603248259856,False
angular_rich,FeI2,0.9119871854782104,44.31554524361949,False
angular_rich,Ga2I3,0.9290555119514465,64.50116009280742,False
angular_rich,Ga3Cl7,0.9867123961448669,100.0,False
angular_rich,GaBr2,0.977487325668335,97.6798143851508,False
angular_rich,GaBr3,0.9836542010307312,99.30394431554525,False
angular_rich,GaCl2,0.9749740958213806,96.75174013921114,False
angular_rich,GaCl3,1.0000001192092896,100.0,True
angular_rich,GaF3,0.9213003516197205,56.380510440835266,True
angular_rich,GaI2,0.9805679321289062,98.37587006960557,False
angular_rich,GaI3,0.9823985695838928,98.83990719257541,False
angular_rich,Gd2Br3,0.8711581230163574,15.777262180974477,False
angular_rich,Gd2Cl3,0.8707758784294128,15.54524361948956,False
angular_rich,GdBr3,0.9249758124351501,60.78886310904872,False
angular_rich,GdBr,0.7345056533813477,0.9280742459396751,False
angular_rich,GdCl3,0.907911479473114,35.498839907192576,False
angular_rich,HfCl4,0.9604389667510986,91.87935034802784,False
angular_rich,HfF4,0.9085857272148132,36.65893271461717,False
angular_rich,HfI3,0.9219031929969788,56.61252900232019,False
angular_rich,HfI4,0.9604108929634094,91.64733178654292,False
angular_rich,HgBr2,0.9641992449760437,93.27146171693735,False
angular_rich,HgBr,0.7975718975067139,12.761020881670534,False
angular_rich,HgCl2,0.9636354446411133,92.80742459396751,False
angular_rich,HgCl,0.795762300491333,12.529002320185615,False
angular_rich,HgF2,0.9034106135368347,22.041763341067284,False
angular_rich,HgF,0.7511111497879028,3.0162412993039442,False
angular_rich,HgI2,0.9664060473442078,94.19953596287704,False
angular_rich,HgI,0.8000525832176208,13.68909512761021,False
angular_rich,HoF3,0.9054694771766663,25.52204176334107,False
angular_rich,In2Cl3,0.9053391218185425,25.05800464037123,False
angular_rich,In4Br7,0.9384312629699707,76.33410672853829,False
angular_rich,In5Br7,0.9052626490592957,24.361948955916475,False
angular_rich,In5Cl9,0.9296644330024719,65.66125290023201,False
angular_rich,In7Br9,0.8535430431365967,15.081206496519723,False
angular_rich,In7Cl9,0.8548104166984558,15.31322505800464,False
angular_rich,InBr2,0.9611634016036987,92.34338747099768,False
angular_rich,InBr3,0.9240201711654663,58.93271461716937,True
angular_rich,InBr,0.7641945481300354,8.816705336426914,False
angular_rich,InCl,0.769453763961792,10.208816705336426,False
angular_rich,InF3,0.9138719439506531,48.49187935034803,False
angular_rich,InI2,0.9577455520629883,90.71925754060325,False
angular_rich,InI3,0.9667403697967529,94.89559164733178,True
angular_rich,InI,0.7621851563453674,8.584686774941995,False
angular_rich,IrBr3,0.9293519258499146,64.96519721577727,False
angular_rich,IrCl3,0.9300115704536438,67.28538283062645,False
angular_rich,IrF3,0.9050636291503906,24.129930394431554,False
angular_rich,IrF4,0.9226171374320984,58.0046403712297,False
angular_rich,IrF6,0.9132481217384338,46.635730858468676,False
angular_rich,KBr,0.7522794008255005,4.640371229698376,False
angular_rich,KCl,0.7522794604301453,6.960556844547564,False
angular_rich,KF3,0.9466634392738342,82.830626450116,False
angular_rich,KF5,0.9167766571044922,51.972157772621806,False
angular_rich,KF,0.7522794604301453,6.960556844547564,False
angular_rich,KI,0.7522794604301453,6.960556844547564,False
angular_rich,La2Br5,0.9169610738754272,52.204176334106734,False
angular_rich,La2I5,0.9206870794296265,55.91647331786543,False
angular_rich,LaBr2,0.9091742634773254,39.443155452436194,False
angular_rich,LaBr3,0.9068776369094849,31.322505800464036,False
angular_rich,LaBr,0.7447793483734131,1.8561484918793503,False
angular_rich,LaCl3,0.9065013527870178,29.23433874709977,False
angular_rich,LaCl,0.7683433294296265,9.744779582366588,False
angular_rich,LaF3,0.9117677807807922,43.619489559164734,False
angular_rich,LaI2,0.895453691482544,16.937354988399072,False
angular_rich,LaI3,0.9066382646560669,29.930394431554525,False
angular_rich,LaI,0.7648637294769287,9.280742459396752,False
angular_rich,LiBr,0.7522794604301453,6.960556844547564,False
angular_rich,LiCl,0.75227952003479,7.424593967517401,False
angular_rich,LiF,0.7522794008255005,4.640371229698376,False
angular_rich,LiI,0.7823689579963684,11.600928074245939,False
angular_rich,MgBr2,0.9087499380111694,37.35498839907193,False
angular_rich,MgCl2,0.9114830493927002,43.1554524361949,False
angular_rich,MgF2,0.9086205959320068,36.89095127610209,False
angular_rich,MgI2,0.9088031053543091,38.05104408352668,False
angular_rich,MnBr2,0.9109788537025452,42.459396751740144,False
angular_rich,MnCl2,0.9103777408599854,41.53132250580047,False
angular_rich,MnF2,0.9110347032546997,42.69141531322506,False
angular_rich,MnF3,0.9513230919837952,85.61484918793504,False
angular_rich,MnF4,0.9562302231788635,90.02320185614849,False
angular_rich,MnI2,0.9102717041969299,41.067285382830626,False
angular_rich,MoBr2,0.9332136511802673,70.76566125290023,False
angular_rich,MoCl2,0.9350144267082214,73.08584686774941,False
angular_rich,MoCl3,0.9375264644622803,75.87006960556845,False
angular_rich,MoCl4,0.9525144100189209,86.07888631090486,False
angular_rich,MoCl5,0.9402404427528381,77.26218097447796,False
angular_rich,MoF3,0.9299435615539551,66.5893271461717,False
angular_rich,MoF5,0.9360830187797546,74.24593967517401,False
angular_rich,MoF6,0.9368662238121033,75.1740139211137,False
angular_rich,MoI2,0.9322243332862854,70.06960556844548,False
angular_rich,NaBr,0.7522794008255005,4.640371229698376,False
angular_rich,NaCl3,0.9130682945251465,46.17169373549884,False
angular_rich,NaCl,0.7522794604301453,6.960556844547564,False
angular_rich,NaF,0.7522794604301453,6.960556844547564,False
angular_rich,NaI,0.778855562210083,10.904872389791183,False
angular_rich,Nb2F5,0.906293511390686,28.306264501160094,False
angular_rich,Nb3Br8,0.9369937777519226,75.4060324825986,False
angular_rich,Nb3Cl7,0.923031210899353,58.46867749419954,False
angular_rich,Nb3Cl8,0.9338736534118652,72.15777262180974,False
angular_rich,Nb3I8,0.9361823201179504,74.47795823665894,False
angular_rich,Nb6I11,0.9261361956596375,62.18097447795824,False
angular_rich,NbBr4,0.9298063516616821,65.89327146171694,False
angular_rich,NbBr5,0.9347443580627441,72.62180974477958,False
angular_rich,NbCl4,0.9351622462272644,73.31786542923435,False
angular_rich,NbCl5,0.9439048767089844,80.04640371229699,False
angular_rich,NbF3,0.9299432635307312,66.35730858468676,False
angular_rich,NbF4,0.9368358254432678,74.94199535962876,False
angular_rich,NbF5,0.9293879866600037,65.19721577726219,False
angular_rich,NbI3,0.9255930781364441,61.48491879350348,False
angular_rich,NbI4,0.9225350618362427,57.30858468677494,False
angular_rich,NbI5,0.9269668459892273,62.87703016241299,False
angular_rich,Nd4Br9,0.9116650819778442,43.38747099767982,False
angular_rich,NdBr3,0.9067789316177368,30.62645011600928,False
angular_rich,NdCl2,0.9043987393379211,23.201856148491878,False
angular_rich,NdCl3,0.9068600535392761,31.09048723897912,False
angular_rich,NdF3,0.922389566898346,57.076566125290014,False
angular_rich,NdI2,0.8961235880851746,17.16937354988399,False
angular_rich,NiBr2,0.9155340194702148,50.81206496519721,False
angular_rich,NiCl2,0.9137583374977112,48.25986078886311,False
angular_rich,NiF2,0.9087696671485901,37.81902552204176,False
angular_rich,NiF3,0.9279870390892029,63.341067285382834,False
angular_rich,NiI2,0.9147980213165283,49.419953596287705,False
angular_rich,NpBr3,0.9077882170677185,35.266821345707655,False
angular_rich,NpCl3,0.906482458114624,29.00232018561485,False
angular_rich,NpF3,0.9118574857711792,44.08352668213457,False
angular_rich,NpF4,0.9095991849899292,39.90719257540603,False
angular_rich,NpI3,0.9070172309875488,32.25058004640371,False
angular_rich,OsBr4,0.9452843070030212,81.4385150812065,False
angular_rich,OsCl4,0.9380706548690796,76.10208816705337,False
angular_rich,OsF5,0.9257602095603943,61.7169373549884,False
angular_rich,OsF6,0.914084255695343,48.72389791183295,False
angular_rich,PaBr4,0.8984142541885376,18.329466357308586,False
angular_rich,PaBr5,0.923615574836731,58.70069605568445,False
angular_rich,PaCl4,0.8984417915344238,18.561484918793504,False
angular_rich,PaCl5,0.924971342086792,60.556844547563806,False
angular_rich,PbBr2,0.9144975543022156,48.95591647331787,False
angular_rich,PbCl2,0.9106784462928772,41.9953596287703,False
angular_rich,PbCl4,0.9414780139923096,77.9582366589327,False
angular_rich,PbF2,0.9081798195838928,36.19489559164733,False
angular_rich,PbF4,0.9182847142219543,54.524361948955914,False
angular_rich,PbI2,0.9031514525413513,20.417633410672853,False
angular_rich,PdBr2,0.9557779431343079,88.63109048723898,False
angular_rich,PdCl2,0.967078447341919,95.1276102088167,False
angular_rich,PdF2,0.9101812839508057,40.835266821345705,False
angular_rich,PdF3,0.9432011842727661,79.35034802784223,False
angular_rich,PdF4,0.9247109293937683,60.32482598607889,False
angular_rich,PdI2,0.9521889090538025,85.84686774941996,False
angular_rich,Pr2Br5,0.9169634580612183,52.43619489559165,False
angular_rich,Pr2I5,0.9230219125747681,58.23665893271461,False
angular_rich,PrBr3,0.9071104526519775,32.71461716937355,False
angular_rich,PrCl3,0.9066262245178223,29.698375870069604,False
angular_rich,PrF3,0.9054725170135498,25.754060324825982,False
angular_rich,PrI2,0.9003052115440369,19.02552204176334,False
angular_rich,Pt3I8,0.9575203061103821,90.25522041763341,False
angular_rich,PtBr3,0.943873941898346,79.81438515081206,False
angular_rich,PtCl2,0.9560939073562622,89.0951276102088,False
angular_rich,PtCl3,0.9457985758781433,82.13457076566125,False
angular_rich,PtCl4,0.9770668745040894,97.4477958236659,False
angular_rich,PtF4,0.9194689393043518,54.988399071925755,False
angular_rich,PtF5,0.9134312868118286,47.79582366589327,False
angular_rich,PtF6,0.9024896025657654,19.721577726218097,False
angular_rich,PtI2,0.9530239701271057,86.5429234338747,False
angular_rich,PtI3,0.9437973499298096,79.58236658932715,False
angular_rich,PtI4,0.9318743944168091,69.60556844547564,False
angular_rich,PuBr3,0.90724116563797,33.4106728538283,False
angular_rich,PuCl3,0.9064274430274963,28.770301624129928,False
angular_rich,PuF3,0.9122117161750793,44.779582366589324,False
angular_rich,PuI3,0.9068861603736877,31.554524361948953,False
angular_rich,RbBr,0.75227952003479,7.424593967517401,False
angular_rich,RbCl,0.7522794604301453,6.960556844547564,False
angular_rich,RbF,0.7516530156135559,3.248259860788863,False
angular_rich,RbI3,0.9489534497261047,84.22273781902551,False
angular_rich,RbI,0.7522794604301453,6.960556844547564,False
angular_rich,ReCl3,0.9495754837989807,84.91879350348029,False
angular_rich,ReCl4,0.9645411372184753,93.50348027842227,False
angular_rich,ReCl5,0.9539408087730408,87.47099767981439,False
angular_rich,ReCl6,0.9061391949653625,28.074245939675173,False
angular_rich,ReF7,0.905933678150177,27.610208816705335,False
angular_rich,ReI3,0.9652319550514221,93.96751740139212,False
angular_rich,RhBr3,0.9290210604667664,64.2691415313225,False
angular_rich,RhCl3,0.9295907020568848,65.4292343387471,False
angular_rich,RhF3,0.9315686821937561,69.1415313225058,False
angular_rich,RhF5,0.927664577960968,63.10904872389791,False
angular_rich,RuBr3,0.9281890988349915,63.57308584686775,False
angular_rich,RuCl3,0.9338359832763672,71.92575406032483,False
angular_rich,RuF3,0.9124884009361267,45.011600928074245,False
angular_rich,RuF4,0.9336832761764526,71.46171693735499,False
angular_rich,RuF5,0.9310238361358643,68.44547563805105,False
angular_rich,Sc5Cl8,0.9031694531440735,20.649651972157773,False
angular_rich,Sc7Cl10,0.9018798470497131,19.489559164733176,False
angular_rich,Sc7Cl12,0.8952434659004211,16.70533642691415,False
angular_rich,ScCl3,0.9238022565841675,58.93271461716937,False
angular_rich,ScCl,0.7670696377754211,9.51276102088167,False
angular_rich,ScF3,0.9306932687759399,67.98143851508121,False
angular_rich,Sm11Br24,0.9173611402511597,53.36426914153132,False
angular_rich,Sm5Br11,0.9117844104766846,43.851508120649655,False
angular_rich,Sm6Br13,0.9154296517372131,50.34802784222738,False
angular_rich,SmBr3,0.9071933031082153,33.17865429234338,False
angular_rich,SmCl2,0.9041708111763,22.73781902552204,False
angular_rich,SmF3,0.9066934585571289,30.162412993039446,False
angular_rich,SmI2,0.90768963098526,34.80278422273782,False
angular_rich,Sn3F8,0.9414787292480469,78.19025522041764,False
angular_rich,SnBr2,0.9286566376686096,64.03712296983758,False
angular_rich,SnBr4,0.969997763633728,95.35962877030161,False
angular_rich,SnCl2,0.9275846481323242,62.87703016241299,True
angular_rich,SnCl4,0.9741350412368774,96.51972157772622,False
angular_rich,SnF2,0.9353927373886108,73.78190255220419,False
angular_rich,SnF3,0.9463199377059937,82.5986078886311,False
angular_rich,SnF4,0.9198936820030212,55.4524361948956,False
angular_rich,SnI2,0.9094206094741821,39.675174013921115,False
angular_rich,SnI3,0.9453004002571106,81.90255220417633,False
angular_rich,SnI4,0.9578149914741516,90.95127610208816,False
angular_rich,SrBr2,0.9075623750686646,34.5707656612529,False
angular_rich,SrCl2,0.9034105539321899,21.57772621809745,False
angular_rich,SrF2,0.9172530174255371,52.66821345707656,False
angular_rich,SrF3,0.9242955446243286,59.62877030162414,False
angular_rich,SrI2,0.9073588252067566,33.64269141531322,False
angular_rich,Ta2Br5,0.93918776512146,76.79814385150812,False
angular_rich,Ta2Cl5,0.943007230758667,79.11832946635731,False
angular_rich,Ta3Br7,0.9299637079238892,66.8213457076566,False
angular_rich,Ta3I7,0.9307549595832825,68.21345707656613,False
angular_rich,TaBr5,0.9339948892593384,72.38979118329466,False
angular_rich,TaCl3,0.9147313237190247,49.187935034802784,False
angular_rich,TaCl4,0.9359121322631836,74.0139211136891,False
angular_rich,TaCl5,0.9412762522697449,77.49419953596288,True
angular_rich,TaF3,0.9299432635307312,66.35730858468676,False
angular_rich,TaF5,0.9306647181510925,67.74941995359629,False
angular_rich,TaI4,0.9460731744766235,82.36658932714617,False
angular_rich,TaI5,0.9251934885978699,61.02088167053365,False
angular_rich,Tb4F15,0.9126838445663452,45.47563805104408,False
angular_rich,Tb5Br8,0.8858002424240112,16.241299303944317,False
angular_rich,Tb6Br7,0.8106541633605957,13.921113689095128,False
angular_rich,TbBr,0.7407667636871338,1.3921113689095126,False
angular_rich,TbCl3,0.9162248373031616,51.27610208816705,False
angular_rich,TbCl,0.7416092753410339,1.6241299303944314,False
angular_rich,TbF3,0.9058728218078613,27.1461716937355,False
angular_rich,TcBr4,0.9503045082092285,85.1508120649652,False
angular_rich,TcCl3,0.9490557909011841,84.45475638051045,False
angular_rich,TcCl4,0.9575793743133545,90.48723897911833,False
angular_rich,Th2Br5,0.9056317210197449,26.68213457076566,False
angular_rich,ThBr4,0.8967859745025635,17.633410672853827,False
angular_rich,ThCl4,0.8967713117599487,17.40139211136891,False
angular_rich,ThF4,0.9087592959403992,37.58700696055685,False
angular_rich,ThI2,0.9007847905158997,19.25754060324826,False
angular_rich,ThI3,0.9172719120979309,52.90023201856149,False
angular_rich,ThI4,0.9091459512710571,39.21113689095127,False
angular_rich,Ti7Br16,0.9329404830932617,70.30162412993039,False
angular_rich,Ti7Cl16,0.9349220991134644,72.8538283062645,False
angular_rich,TiBr2,0.908178448677063,35.96287703016242,False
angular_rich,TiBr3,0.933131217956543,70.53364269141531,False
angular_rich,TiBr4,0.981418788433075,98.60788863109049,False
angular_rich,TiCl2,0.9166852831840515,51.508120649651964,False
angular_rich,TiCl3,0.9365812540054321,74.70997679814386,False
angular_rich,TiCl4,0.982956051826477,99.07192575406032,False
angular_rich,TiF2,0.9034105539321899,21.57772621809745,False
angular_rich,TiF3,0.9299825429916382,67.05336426914154,False
angular_rich,TiF4,0.9779564738273621,97.91183294663574,False
angular_rich,TiI3,0.9372538328170776,75.63805104408353,False
angular_rich,TiI4,0.9561360478401184,89.55916473317865,False
angular_rich,Tl2Br3,0.9067031741142273,30.39443155452436,False
angular_rich,Tl2Cl3,0.905057966709137,23.897911832946637,False
angular_rich,TlBr2,0.9539958834648132,87.70301624129931,False
angular_rich,TlBr3,0.9537654519081116,87.23897911832947,False
angular_rich,TlBr,0.7599168419837952,8.120649651972158,False
angular_rich,TlCl2,0.9532657265663147,86.77494199535964,False
angular_rich,TlCl3,0.9416386485099792,78.42227378190255,False
angular_rich,TlCl,0.7615600228309631,8.352668213457076,False
angular_rich,TlF3,0.9054762125015259,25.986078886310903,False
angular_rich,TlF,0.7483139634132385,2.320185614849188,False
angular_rich,TlI3,0.9450919032096863,80.97447795823666,False
angular_rich,TlI,0.7590283751487732,7.888631090487238,False
angular_rich,Tm7Cl15,0.9155173301696777,50.580046403712295,False
angular_rich,TmCl2,0.9077702760696411,35.03480278422274,False
angular_rich,TmCl3,0.9090717434883118,38.97911832946635,False
angular_rich,TmI2,0.9053071737289429,24.825986078886313,False
angular_rich,U2F9,0.8980392217636108,17.865429234338748,False
angular_rich,UBr3,0.9080651998519897,35.730858468677496,False
angular_rich,UBr4,0.9151140451431274,49.88399071925754,False
angular_rich,UBr5,0.9198362827301025,55.22041763341067,False
angular_rich,UCl3,0.9071722030639648,32.94663573085847,False
angular_rich,UCl4,0.8999462723731995,18.793503480278424,False
angular_rich,UCl5,0.9316303730010986,69.37354988399072,False
angular_rich,UCl6,0.9055081605911255,26.218097447795824,False
angular_rich,UF3,0.9071031212806702,32.48259860788863,False
angular_rich,UF4,0.9102873206138611,41.29930394431555,False
angular_rich,UF5,0.9404403567314148,77.49419953596288,False
angular_rich,UF6,0.8915110230445862,16.473317865429234,False
angular_rich,UI3,0.9063875675201416,28.538283062645007,False
angular_rich,UI4,0.9291762113571167,64.73317865429235,False
angular_rich,VBr2,0.9108386039733887,42.22737819025522,False
angular_rich,VCl2,0.9133752584457397,47.33178654292343,False
angular_rich,VCl3,0.9245126843452454,59.86078886310905,False
angular_rich,VCl4,0.9845577478408813,99.53596287703016,False
angular_rich,VCl5,0.9469039440155029,83.06264501160094,False
angular_rich,VF2,0.9098472595214844,40.37122969837587,False
angular_rich,VF3,0.9267320036888123,62.64501160092807,False
angular_rich,VF4,0.9625844359397888,92.5754060324826,False
angular_rich,VF5,0.9547231793403625,88.16705336426914,False
angular_rich,VI2,0.9133286476135254,47.09976798143852,False
angular_rich,W15I47,0.9592382311820984,91.415313225058,False
angular_rich,W2Br5,0.9474067091941833,83.29466357308584,False
angular_rich,W3Br7,0.9560842514038086,88.8631090487239,False
angular_rich,W3Br8,0.9442731142044067,80.51044083526682,False
angular_rich,W3I8,0.9560958743095398,89.32714617169374,False
angular_rich,W5I16,0.9561863541603088,89.79118329466357,False
angular_rich,WBr2,0.9321564435958862,69.83758700696056,False
angular_rich,WBr4,0.9257931709289551,61.94895591647332,False
angular_rich,WBr5,0.9440909028053284,80.2784222737819,False
angular_rich,WBr6,0.9056776762008667,26.91415313225058,False
angular_rich,WCl3,0.9352708458900452,73.54988399071925,False
angular_rich,WCl4,0.9334678649902344,71.22969837587007,False
angular_rich,WCl5,0.9414138793945312,77.7262180974478,False
angular_rich,WCl6,0.9167433977127075,51.74013921113689,False
angular_rich,WF6,0.9177142977714539,54.060324825986086,False
angular_rich,WI3,0.9536930322647095,87.00696055684455,False
angular_rich,WI4,0.9545634388923645,87.93503480278422,False
angular_rich,Y2Cl3,0.8711997270584106,16.009280742459396,False
angular_rich,YCl3,0.9306011199951172,67.51740139211137,False
angular_rich,YCl,0.7366552948951721,1.160092807424594,False
angular_rich,YF3,0.9088590145111084,38.51508120649652,False
angular_rich,YI3,0.9149158000946045,49.651972157772626,False
angular_rich,YI,0.7454342842102051,2.088167053364269,False
angular_rich,YbBr2,0.9049313068389893,23.665893271461716,False
angular_rich,YbF3,0.9054185152053833,25.290023201856147,False
angular_rich,YbI2,0.9069199562072754,32.01856148491879,False
angular_rich,ZnBr2,0.9647300839424133,93.7354988399072,False
angular_rich,ZnCl2,0.9657695293426514,93.96751740139212,True
angular_rich,ZnF2,0.9105623364448547,41.76334106728538,False
angular_rich,ZnI2,0.96647709608078,94.43155452436194,False
angular_rich,Zr2Cl5,0.9451192021369934,81.20649651972158,False
angular_rich,ZrBr2,0.9121922850608826,44.5475638051044,False
angular_rich,ZrBr3,0.9177078008651733,53.82830626450116,False
angular_rich,ZrBr,0.7484337091445923,2.5522041763341066,False
angular_rich,ZrCl2,0.915795087814331,51.04408352668214,False
angular_rich,ZrCl3,0.926277756690979,62.41299303944315,False
angular_rich,ZrCl4,0.9573425650596619,90.02320185614849,True
angular_rich,ZrCl,0.7496364712715149,2.784222737819025,False
angular_rich,ZrF4,0.9153054356575012,50.11600928074246,False
angular_rich,ZrI2,0.920867383480072,56.380510440835266,False
angular_rich,ZrI4,0.9605405926704407,92.11136890951276,False
